name,cty,price,tr,aspi,car_sources,car_tags,pp,pw,weight,pwr,zero_thou,grip,img_path
Abarth 1500 Biposto Bertone B.A.T 1 '52,No Gr,1000000,FR,NA,['Legend Cars'],['#Road Car'],264.0,73.0,1918.0,26.273972602739725,35.75,0.85,images/cars/side/gt7_car_015.jpg?v=1
Abarth 500 '09,No Gr,29500,FF,T,"['Brand Central', 'Used Cars', 'Reward']",['#Road Car'],391.0,133.0,2282.0,17.157894736842106,31.38,1.01,images/cars/side/gt7_car_016.jpg?v=2
Abarth 595 SS '70,No Gr,48900,RR,NA,['Used Cars'],['#Road Car'],172.0,30.0,1036.0,34.53333333333333,43.61,0.0,images/cars/side/gt7_car_017.jpg?v=2
Alfa Romeo 155 2.5 V6 TI '93,Gr.4,800000,4WD,NA,['Legend Cars'],['#Racing Car'],670.0,413.0,2227.0,5.39225181598063,20.32,1.37,images/cars/side/gt7_car_018.jpg?v=2
Alfa Romeo 4C '14,No Gr,89100,MR,T,"['Brand Central', 'Reward']","['#Midship', '#Road Car']",527.0,235.0,2094.0,8.91063829787234,24.45,1.14,images/cars/side/gt7_car_019.jpg?v=2
Alfa Romeo 4C Gr.3,Gr.3,450000,MR,T,['Brand Central'],"['#Midship', '#Racing Car']",720.0,528.0,2690.0,5.09469696969697,20.7,1.48,images/cars/side/gt7_car_020.jpg?v=1
Alfa Romeo 4C Gr.3 Road Car,No Gr,300000,MR,T,['Brand Central'],"['#Midship', '#Road Car']",571.0,443.0,2910.0,6.568848758465012,23.51,1.15,images/cars/side/gt7_car_021.jpg?v=2
Alfa Romeo 4C Gr.4,Gr.4,350000,MR,T,['Brand Central'],"['#Midship', '#Racing Car']",620.0,295.0,2249.0,7.623728813559322,23.15,1.39,images/cars/side/gt7_car_022.jpg?v=2
Alfa Romeo 8C 2900B Touring Berlinetta '38,No Gr,20000000,FR,SC,['Legend Cars'],['#Road Car'],385.0,179.0,2888.0,16.134078212290504,29.47,0.94,images/cars/side/gt7_car_423.jpg?v=2
Alfa Romeo 8C Competizione '08,No Gr,350000,FR,NA,"['Brand Central', 'Used Cars', 'Reward']",['#Road Car'],558.0,442.0,3494.0,7.904977375565611,22.94,1.11,images/cars/side/gt7_car_023.jpg?v=3
Alfa Romeo Giulia GTAm '20,No Gr,220000,FR,T,['Brand Central'],['#Road Car'],579.0,532.0,3483.0,6.546992481203008,21.99,1.13,images/cars/side/gt7_car_454.jpg?v=2
Alfa Romeo Giulia Sprint GT Veloce '67,No Gr,180000,FR,NA,['Used Cars'],['#Road Car'],334.0,104.0,2293.0,22.048076923076923,31.91,0.9,images/cars/side/gt7_car_472.jpg?v=2
Alfa Romeo GIULIA TZ2 carrozzata da ZAGATO '65,No Gr,3450000,FR,NA,['Legend Cars'],['#Racing Car'],486.0,168.0,1367.0,8.136904761904763,25.82,1.05,images/cars/side/gt7_car_024.jpg?v=1
Alfa Romeo MiTo '09,No Gr,28500,FF,T,"['Brand Central', 'Used Cars', 'Reward']",['#Road Car'],415.0,152.0,2524.0,16.605263157894736,30.28,1.02,images/cars/side/gt7_car_025.jpg?v=2
Alpine A110 '17,No Gr,80000,MR,T,"['Brand Central', 'Reward']","['#Midship', '#Road Car']",522.0,248.0,2432.0,9.806451612903226,24.63,1.13,images/cars/side/gt7_car_026.jpg?v=1
Alpine A110 '72,No Gr,133800,RR,NA,['Used Cars'],['#Road Car'],415.0,138.0,1576.0,11.420289855072463,28.01,0.96,images/cars/side/gt7_car_027.jpg?v=5
Alpine A220 Race Car '68,No Gr,330000,MR,NA,['Legend Cars'],"['#Midship', '#Racing Car']",616.0,319.0,1521.0,4.768025078369906,22.57,1.13,images/cars/side/gt7_car_028.jpg?v=2
Alpine Alpine VGT,No Gr,1000000,MR,NA,"['Brand Central', 'Roulette']","['#Midship', '#Road Car', '#Vision Gran Turismo']",657.0,443.0,1984.0,4.478555304740406,19.68,1.17,images/cars/side/gt7_car_029.jpg?v=2
Alpine Alpine VGT '17,Gr.1,1000000,RR,NA,"['Brand Central', 'Roulette']","['#Racing Car', '#Vision Gran Turismo']",905.0,594.0,2050.0,3.451178451178451,17.84,1.76,images/cars/side/gt7_car_030.jpg?v=2
Alpine Alpine VGT Race,No Gr,1000000,MR,NA,['Brand Central'],"['#Midship', '#Racing Car', '#Vision Gran Turismo']",744.0,443.0,1984.0,4.478555304740406,19.24,1.42,images/cars/side/gt7_car_031.jpg?v=2
AMG 300 SEL 6.8 AMG '71,No Gr,700000,FR,NA,['Legend Cars'],['#Racing Car'],522.0,422.0,3605.0,8.542654028436019,24.64,1.1,images/cars/side/gt7_car_001.jpg?v=1
AMG A 45 AMG '13,No Gr,64000,4WD,T,"['Brand Central', 'Roulette']",['#Road Car'],518.0,355.0,3428.0,9.656338028169014,23.86,1.09,images/cars/side/gt7_car_002.jpg?v=2
AMG CLK-LM '98,Gr.2,6500000,MR,NA,['Legend Cars'],"['#Le Mans', '#Midship', '#Racing Car']",830.0,599.0,2205.0,3.681135225375626,18.33,1.61,images/cars/side/gt7_car_003.jpg?v=2
AMG Mercedes-AMG C 63 S '15,No Gr,135800,FR,T,"['Brand Central', 'Reward']",['#Road Car'],575.0,503.0,3803.0,7.560636182902584,22.47,1.12,images/cars/side/gt7_car_004.jpg?v=2
AMG Mercedes-AMG GT Black Series '20,No Gr,420000,FR,T,"['Brand Central', 'Roulette']",['#Road Car'],667.0,719.0,3395.0,4.721835883171071,19.71,1.22,images/cars/side/gt7_car_005.jpg?v=2
AMG Mercedes-AMG GT R '17,No Gr,184000,FR,T,['Brand Central'],['#Road Car'],601.0,576.0,3660.0,6.354166666666667,21.1,1.14,images/cars/side/gt7_car_006.jpg?v=2
AMG Mercedes-AMG GT S '15,No Gr,120000,FR,T,"['Brand Central', 'Reward']",['#Road Car'],585.0,502.0,3461.0,6.894422310756972,21.65,1.14,images/cars/side/gt7_car_007.jpg?v=2
AMG Mercedes-AMG GT Safety Car,No Gr,200000,FR,T,['Brand Central'],"['#Road Car', '#Safety Car']",587.0,502.0,3461.0,6.894422310756972,21.71,1.15,images/cars/side/gt7_car_008.jpg?v=2
AMG Mercedes-AMG GT3 '16,Gr.3,450000,FR,NA,['Brand Central'],"['#Nurburgring 24 Hours', '#Racing Car']",736.0,614.0,2921.0,4.757328990228013,19.57,1.45,images/cars/side/gt7_car_009.jpg?v=1
AMG Mercedes-AMG GT3 '20,Gr.3,480000,FR,NA,['Brand Central'],['#Racing Car'],765.0,614.0,2833.0,4.61400651465798,19.29,1.46,images/cars/side/gt7_car_469.jpg?v=1
AMG Mercedes-Benz AMG VGT,No Gr,1000000,FR,T,['Brand Central'],"['#Road Car', '#Vision Gran Turismo']",650.0,576.0,3053.0,5.300347222222222,20.19,1.21,images/cars/side/gt7_car_010.jpg?v=4
AMG Mercedes-Benz AMG VGT Racing Series,No Gr,1000000,FR,T,['Brand Central'],"['#Racing Car', '#Vision Gran Turismo']",738.0,590.0,2866.0,4.857627118644068,19.84,1.47,images/cars/side/gt7_car_011.jpg?v=2
AMG SLS AMG '10,No Gr,360000,FR,NA,"['Brand Central', 'Used Cars', 'Reward']",['#Road Car'],597.0,570.0,3571.0,6.264912280701754,21.34,1.13,images/cars/side/gt7_car_012.jpg?v=2
AMG SLS AMG GR.4,Gr.4,350000,FR,NA,['Brand Central'],['#Racing Car'],643.0,419.0,3120.0,7.4463007159904535,21.58,1.37,images/cars/side/gt7_car_014.jpg?v=2
AMG SLS AMG GT3 '11,Gr.3,450000,FR,NA,['Brand Central'],['#Racing Car'],734.0,614.0,2976.0,4.846905537459284,19.6,1.45,images/cars/side/gt7_car_013.jpg?v=2
Amuse Amuse NISMO 380RS Super Leggera,No Gr,100000,FR,NA,"['Brand Central', 'Roulette']",['#Professionally Tuned'],557.0,380.0,3020.0,7.947368421052632,23.97,1.13,images/cars/side/gt7_car_032.jpg?v=2
Amuse S2000 GT1 Turbo,No Gr,250000,FR,T,['Brand Central'],['#Professionally Tuned'],664.0,616.0,2469.0,4.008116883116883,21.46,1.27,images/cars/side/gt7_car_033.jpg?v=2
Aston Martin DB11 '16,No Gr,238000,FR,T,['Brand Central'],['#Road Car'],586.0,599.0,3902.0,6.514190317195325,21.97,1.09,images/cars/side/gt7_car_034.jpg?v=2
Aston Martin DB3S '53,No Gr,6000000,FR,NA,['Legend Cars'],['#Racing Car'],486.0,224.0,1887.0,8.424107142857142,24.62,0.97,images/cars/side/gt7_car_035.jpg?v=1
Aston Martin DB5 '64,No Gr,958000,FR,NA,"['Legend Cars', 'Reward']",['#Road Car'],439.0,281.0,3236.0,11.516014234875446,26.9,0.95,images/cars/side/gt7_car_036.jpg?v=2
Aston Martin DBR9 GT1 '10,Gr.3,800000,FR,NA,['Brand Central'],['#Racing Car'],750.0,599.0,2425.0,4.048414023372287,19.63,1.47,images/cars/side/gt7_car_037.jpg?v=2
Aston Martin DP-100 VGT,No Gr,1000000,4WD,T,['Brand Central'],"['#Midship', '#Road Car', '#Vision Gran Turismo']",719.0,799.0,3031.0,3.7934918648310387,18.41,1.42,images/cars/side/gt7_car_038.jpg?v=2
Aston Martin One-77 '11,No Gr,1320000,FR,NA,"['Brand Central', 'Invitation (Brand Central)']",['#Road Car'],634.0,748.0,3594.0,4.804812834224599,20.08,1.12,images/cars/side/gt7_car_039.jpg?v=1
Aston Martin V12 Vantage GT3 '12,Gr.3,450000,FR,NA,['Brand Central'],['#Racing Car'],735.0,591.0,2756.0,4.6632825719120135,19.97,1.49,images/cars/side/gt7_car_040.jpg?v=1
Aston Martin V8 Vantage GR.4,Gr.4,350000,FR,NA,['Brand Central'],['#Racing Car'],643.0,399.0,2976.0,7.458646616541353,21.9,1.36,images/cars/side/gt7_car_041.jpg?v=2
Aston Martin V8 Vantage S '15,No Gr,180000,FR,NA,['Brand Central'],['#Road Car'],555.0,429.0,3549.0,8.272727272727273,23.11,1.12,images/cars/side/gt7_car_042.jpg?v=2
Aston Martin Valkyrie '21,No Gr,4000000,MR,NA,['Brand Central'],"['#Hybrid Car', '#Hypercar', '#Midship', '#Road Car']",842.0,1139.0,2800.0,2.4582967515364356,17.09,1.5,images/cars/side/gt7_car_475.jpg?v=2
Aston Martin Vulcan '16,No Gr,3300000,FR,NA,"['Brand Central', 'Invitation (Brand Central)']","['#Hypercar', '#Road Car']",757.0,820.0,2998.0,3.65609756097561,19.13,1.45,images/cars/side/gt7_car_043.jpg?v=1
Audi Audi e-tron VGT,No Gr,1000000,4WD,EV,['Brand Central'],"['#Electric Car', '#Racing Car', '#Vision Gran Turismo']",849.0,803.0,3197.0,3.9813200498132004,17.14,1.68,images/cars/side/gt7_car_045.jpg?v=2
Audi Audi VGT,Gr.1,1000000,4WD,T,['Brand Central'],"['#Hybrid Car', '#Racing Car', '#Vision Gran Turismo']",927.0,735.0,2756.0,3.749659863945578,17.08,1.77,images/cars/side/gt7_car_044.jpg?v=2
Audi R18 '16,Gr.1,1000000,4WD,T,['Brand Central'],"['#Hybrid Car', '#Le Mans', '#Midship', '#Racing Car']",925.0,506.0,1929.0,3.8122529644268774,17.69,1.89,images/cars/side/gt7_car_046.jpg?v=2
Audi R18 TDI '11,Gr.1,3000000,MR,T,['Brand Central'],"['#Le Mans', '#Midship', '#Racing Car']",901.0,532.0,1984.0,3.7293233082706765,19.09,1.86,images/cars/side/gt7_car_047.jpg?v=2
Audi R8 4.2 '07,No Gr,166700,4WD,NA,"['Brand Central', 'Used Cars', 'Possible Reward']","['#Midship', '#Road Car']",563.0,414.0,3439.0,8.306763285024154,21.71,1.11,images/cars/side/gt7_car_048.jpg?v=2
Audi R8 LMS '15,Gr.3,800000,MR,NA,['Brand Central'],"['#Midship', '#Nurburgring 24 Hours', '#Racing Car']",751.0,585.0,2701.0,4.617094017094017,19.36,1.47,images/cars/side/gt7_car_049.jpg?v=2
Audi R8 LMS Evo '19,Gr.3,450000,MR,NA,"['Brand Central', 'Roulette', 'Reward']","['#Midship', '#Racing Car']",750.0,576.0,2723.0,4.727430555555555,19.39,1.47,images/cars/side/gt7_car_050.jpg?v=2
Audi RS 5 Turbo DTM '19,Gr.2,1000000,FR,T,['Brand Central'],['#Racing Car'],812.0,603.0,2174.0,3.60530679933665,18.68,1.65,images/cars/side/gt7_car_465.jpg?v=1
Audi Sport Quattro S1 Pikes Peak '87,Gr.B,2000000,4WD,T,"['Legend Cars', 'Reward']","['#Pikes Peak', '#Racing Car']",683.0,588.0,2205.0,3.75,18.82,1.34,images/cars/side/gt7_car_051.jpg?v=1
Audi TT Coupé 3.2 quattro '03,No Gr,57800,4WD,NA,"['Brand Central', 'Used Cars', 'Roulette']",['#Road Car'],465.0,239.0,3351.0,14.02092050209205,25.84,1.04,images/cars/side/gt7_car_052.jpg?v=1
Audi TT CUP '16,Gr.4,350000,FF,T,['Brand Central'],['#Racing Car'],633.0,335.0,2480.0,7.402985074626866,23.32,1.43,images/cars/side/gt7_car_053.jpg?v=2
Audi TTS Coupé '14,No Gr,76800,4WD,T,"['Brand Central', 'Possible Reward']",['#Road Car'],526.0,305.0,3053.0,10.00983606557377,23.65,1.12,images/cars/side/gt7_car_054.jpg?v=2
Autobianchi A112 Abarth '85,No Gr,31100,FF,NA,['Used Cars'],['#Road Car'],303.0,71.0,1565.0,22.04225352112676,35.63,0.93,images/cars/side/gt7_car_055.jpg?v=2
BAC Mono '16,No Gr,240000,MR,NA,['Brand Central'],"['#Midship', '#Road Car']",641.0,304.0,1279.0,4.207236842105263,21.63,1.21,images/cars/side/gt7_car_073.jpg?v=2
BMW 3.0 CSL '71,No Gr,146700,FR,NA,['Used Cars'],['#Road Car'],412.0,177.0,2568.0,14.508474576271187,28.55,0.96,images/cars/side/gt7_car_056.jpg?v=1
BMW 3.0 CSL '73,No Gr,218400,FR,NA,['Used Cars'],['#Road Car'],419.0,202.0,2756.0,13.643564356435643,27.87,0.96,images/cars/side/gt7_car_057.jpg?v=5
BMW BMW VGT,No Gr,1000000,FR,T,['Brand Central'],"['#Racing Car', '#Vision Gran Turismo']",717.0,541.0,2601.0,4.8077634011090575,20.53,1.46,images/cars/side/gt7_car_058.jpg?v=2
BMW i3 '15,No Gr,49900,MR,EV,"['Brand Central', 'Roulette']","['#Electric Car', '#Midship', '#Road Car']",398.0,166.0,2778.0,16.734939759036145,29.61,1.04,images/cars/side/gt7_car_072.jpg?v=2
BMW M2 Competition '18,No Gr,91000,FR,T,['Brand Central'],['#Road Car'],548.0,405.0,3472.0,8.572839506172839,23.22,1.13,images/cars/side/gt7_car_449.jpg?v=3
BMW M3 '03,No Gr,84000,FR,NA,"['Brand Central', 'Used Cars', 'Reward', 'Possible Reward']",['#Road Car'],523.0,339.0,3439.0,10.144542772861357,24.64,1.11,images/cars/side/gt7_car_059.jpg?v=2
BMW M3 '07,No Gr,93000,FR,NA,"['Brand Central', 'Used Cars', 'Reward']",['#Road Car'],538.0,415.0,3649.0,8.79277108433735,23.81,1.11,images/cars/side/gt7_car_060.jpg?v=2
BMW M3 '89,No Gr,89700,FR,NA,['Used Cars'],['#Road Car'],456.0,212.0,2646.0,12.481132075471699,27.35,1.05,images/cars/side/gt7_car_061.jpg?v=2
BMW M3 GT '11,Gr.3,600000,FR,NA,['Brand Central'],"['#Nurburgring 24 Hours', '#Racing Car']",716.0,500.0,2745.0,5.49,20.73,1.48,images/cars/side/gt7_car_062.jpg?v=2
BMW M3 Sport Evolution '89,No Gr,165700,FR,NA,"['Used Cars', 'Reward', 'Possible Reward']",['#Road Car'],463.0,235.0,2646.0,11.259574468085106,26.95,1.05,images/cars/side/gt7_car_063.jpg?v=2
BMW M4 '14,No Gr,120000,FR,T,"['Brand Central', 'Possible Reward']",['#Road Car'],569.0,425.0,3300.0,7.764705882352941,22.99,1.13,images/cars/side/gt7_car_064.jpg?v=2
BMW M4 GR.4,Gr.4,350000,FR,T,['Brand Central'],"['#Midship', '#Racing Car']",624.0,394.0,3009.0,7.637055837563452,22.62,1.37,images/cars/side/gt7_car_065.jpg?v=2
BMW M4 Safety Car,No Gr,150000,FR,T,['Brand Central'],"['#Road Car', '#Safety Car']",570.0,425.0,3300.0,7.764705882352941,23.03,1.13,images/cars/side/gt7_car_066.jpg?v=2
BMW M6 GT3 Endurance Model '16,Gr.3,450000,FR,T,['Brand Central'],"['#Nurburgring 24 Hours', '#Racing Car']",726.0,584.0,2866.0,4.907534246575342,20.44,1.47,images/cars/side/gt7_car_067.jpg?v=2
BMW M6 GT3 Sprint Model '16,Gr.3,450000,FR,T,['Brand Central'],['#Racing Car'],726.0,584.0,2866.0,4.907534246575342,20.43,1.47,images/cars/side/gt7_car_068.jpg?v=2
BMW McLaren F1 GTR Race Car '97,Gr.2,11400000,MR,NA,['Legend Cars'],"['#Le Mans', '#Midship', '#Racing Car']",841.0,602.0,2094.0,3.478405315614618,18.48,1.67,images/cars/side/gt7_car_069.jpg?v=3
BMW Z4 GT3 '11,Gr.3,450000,FR,NA,"['Brand Central', 'Roulette']",['#Racing Car'],714.0,522.0,2624.0,5.026819923371647,20.16,1.45,images/cars/side/gt7_car_070.jpg?v=2
BMW Z8 '01,No Gr,300000,FR,NA,"['Brand Central', 'Used Cars', 'Possible Reward']",['#Road Car'],536.0,395.0,3549.0,8.984810126582278,23.75,1.11,images/cars/side/gt7_car_071.jpg?v=2
Bugatti Bugatti VGT,No Gr,1000000,4WD,T,['Brand Central'],"['#Midship', '#Racing Car', '#Vision Gran Turismo']",908.0,1626.0,3086.0,1.897908979089791,14.63,1.54,images/cars/side/gt7_car_074.jpg?v=2
Bugatti Bugatti VGT (GR.1),Gr.1,1000000,4WD,T,['Brand Central'],"['#Midship', '#Racing Car', '#Vision Gran Turismo']",936.0,641.0,2161.0,3.371294851794072,18.27,1.93,images/cars/side/gt7_car_075.jpg?v=2
Bugatti Chiron '16,No Gr,3000000,4WD,T,['Brand Central'],"['#Midship', '#Road Car']",705.0,1479.0,4398.0,2.973630831643002,16.82,1.12,images/cars/side/gt7_car_455.jpg?v=1
Bugatti Veyron 16.4 '13,No Gr,2000000,4WD,T,"['Brand Central', 'Invitation (Brand Central)']","['#Midship', '#Road Car']",671.0,986.0,4162.0,4.221095334685598,17.78,1.11,images/cars/side/gt7_car_076.jpg?v=1
Bugatti Veyron Gr.4,Gr.4,350000,4WD,T,['Brand Central'],['#Racing Car'],638.0,433.0,3638.0,8.401847575057737,22.22,1.38,images/cars/side/gt7_car_077.jpg?v=1
Chaparral 2J '70,No Gr,2500000,MR,NA,"['Legend Cars', 'Reward']","['#Midship', '#Racing Car']",876.0,679.0,1810.0,2.665684830633284,17.76,1.91,images/cars/side/gt7_car_078.jpg?v=2
Chaparral Chevrolet Chaparral 2X VGT,No Gr,1000000,??,,['Brand Central'],"['#Racing Car', '#Vision Gran Turismo']",1038.0,905.0,992.0,1.0961325966850828,12.4,1.8,images/cars/side/gt7_car_079.jpg?v=2
Chevrolet Camaro SS '16,No Gr,35000,FR,NA,"['Brand Central', 'Reward']",['#Road Car'],554.0,453.0,3686.0,8.136865342163356,23.16,1.1,images/cars/side/gt7_car_080.jpg?v=2
Chevrolet Camaro Z28 '69,No Gr,105000,FR,NA,"['Legend Cars', 'Reward', 'Possible Reward']",['#Road Car'],439.0,289.0,3120.0,10.795847750865052,27.67,0.94,images/cars/side/gt7_car_081.jpg?v=1
Chevrolet Camaro ZL1 1LE Package '18,No Gr,79500,FR,SC,"['Brand Central', 'Reward']",['#Road Car'],620.0,649.0,3818.0,5.882896764252696,-1.0,-1.0,images/cars/side/gt7_car_082.jpg?v=1
Chevrolet Corvette (C1) '58,No Gr,126000,FR,NA,['Legend Cars'],['#Road Car'],430.0,243.0,2926.0,12.041152263374485,26.87,0.94,images/cars/side/gt7_car_478.jpg?v=2
Chevrolet Corvette (C2) '63,No Gr,237000,FR,NA,"['Legend Cars', 'Possible Reward']",['#Road Car'],495.0,359.0,3042.0,8.473537604456824,25.01,1.0,images/cars/side/gt7_car_083.jpg?v=2
Chevrolet Corvette C7 '14,No Gr,51000,FR,NA,"['Brand Central', 'Reward']",['#Road Car'],576.0,453.0,3307.0,7.300220750551876,22.44,1.11,images/cars/side/gt7_car_084.jpg?v=2
Chevrolet Corvette C7 Gr.3,Gr.3,450000,FR,NA,"['Brand Central', 'Reward']",['#Racing Car'],723.0,571.0,2866.0,5.019264448336252,20.11,1.47,images/cars/side/gt7_car_085.jpg?v=2
Chevrolet Corvette C7 Gr.3 Road Car,No Gr,300000,FR,NA,['Brand Central'],['#Road Car'],572.0,493.0,3263.0,6.618661257606491,22.21,1.12,images/cars/side/gt7_car_086.jpg?v=2
Chevrolet Corvette C7 Gr.4,Gr.4,350000,FR,NA,['Brand Central'],['#Racing Car'],648.0,414.0,2976.0,7.188405797101449,21.41,1.36,images/cars/side/gt7_car_087.jpg?v=2
Chevrolet Corvette C7 ZR1 '19,No Gr,134000,FR,SC,['Brand Central'],['#Road Car'],648.0,754.0,3560.0,4.721485411140583,20.44,1.19,images/cars/side/gt7_car_088.jpg?v=2
Chevrolet Corvette C8 '20,No Gr,85000,MR,NA,['Brand Central'],"['#Midship', '#Road Car']",585.0,494.0,3373.0,6.827935222672065,21.24,1.14,images/cars/side/gt7_car_456.jpg?v=2
Chevrolet Corvette Convertible (C3) '69,No Gr,46800,FR,NA,"['Used Cars', 'Reward', 'Possible Reward']",['#Road Car'],444.0,303.0,3422.0,11.293729372937294,26.2,0.93,images/cars/side/gt7_car_089.jpg?v=4
Chevrolet Corvette Stingray (C3) '69,No Gr,53300,FR,NA,['Used Cars'],['#Road Car'],500.0,350.0,3285.0,9.385714285714286,24.7,1.03,images/cars/side/gt7_car_090.jpg?v=1
Chevrolet Corvette Stingray Racer Concept '59,No Gr,4000000,FR,NA,['Legend Cars'],"['#Concept Car', '#Racing Car']",516.0,314.0,2535.0,8.073248407643312,24.79,1.06,images/cars/side/gt7_car_091.jpg?v=1
Chevrolet Corvette ZR-1 (C4) '89,No Gr,91100,FR,NA,"['Used Cars', 'Reward']",['#Road Car'],509.0,375.0,3466.0,9.242666666666667,25.14,1.04,images/cars/side/gt7_car_092.jpg?v=2
Chevrolet Corvette ZR1 (C6) '09,No Gr,120000,FR,SC,"['Brand Central', 'Used Cars']",['#Road Car'],612.0,639.0,3325.0,5.203442879499217,20.74,1.12,images/cars/side/gt7_car_093.jpg?v=2
Chris Holstrom Concepts CHC 1967 Chevy Nova,No Gr,300000,FR,SC,['Brand Central'],"['#Gran Turismo Award', '#Professionally Tuned']",611.0,732.0,3012.0,4.114754098360656,21.73,1.09,images/cars/side/gt7_car_094.jpg?v=2
Citroen DS 21 Pallas '70,No Gr,49600,FF,NA,['Legend Cars'],['#Road Car'],335.0,103.0,2866.0,27.825242718446603,33.72,0.96,images/cars/side/gt7_car_458.jpg?v=3
Citroen GT BY Citroën GR.4,Gr.4,350000,MR,NA,['Brand Central'],"['#Midship', '#Racing Car']",650.0,394.0,2866.0,7.274111675126903,21.35,1.36,images/cars/side/gt7_car_095.jpg?v=2
Citroen GT by Citroën Race Car (Gr.3),Gr.3,450000,MR,NA,['Brand Central'],"['#Midship', '#Racing Car']",761.0,599.0,2646.0,4.417362270450751,19.0,1.48,images/cars/side/gt7_car_096.jpg?v=2
Citroen GT by Citroën Road Car,No Gr,1000000,MR,NA,"['Brand Central', 'Invitation (Brand Central)']","['#Midship', '#Road Car']",590.0,500.0,3197.0,6.394,21.43,1.11,images/cars/side/gt7_car_097.jpg?v=2
Daihatsu Copen '02,No Gr,18000,FF,T,"['Brand Central', 'Used Cars']","['#Kei Car', '#Road Car']",285.0,62.0,1830.0,29.516129032258064,36.63,0.93,images/cars/side/gt7_car_100.jpg?v=1
Daihatsu COPEN RJ VGT,No Gr,1000000,FF,T,['Brand Central'],"['#Racing Car', '#Vision Gran Turismo']",500.0,146.0,1323.0,9.061643835616438,26.9,1.15,images/cars/side/gt7_car_101.jpg?v=2
De Tomaso Mangusta '69,No Gr,245000,MR,NA,['Legend Cars'],"['#Midship', '#Road Car']",484.0,300.0,2612.0,8.706666666666667,26.64,0.96,images/cars/side/gt7_car_103.jpg?v=1
De Tomaso Mangusta (Christian Dior),??,500000,MR,NA,['Legend Cars'],"['#Midship', '#Road Car']",484.0,300.0,2612.0,8.706666666666667,23.64,0.96,images/cars/side/gt7_car_442.jpg?v=1
De Tomaso Pantera '71,No Gr,173000,MR,NA,['Used Cars'],"['#Midship', '#Road Car']",466.0,325.0,3131.0,9.633846153846154,24.85,0.94,images/cars/side/gt7_car_102.jpg?v=4
DMC DeLorean S2 '04,No Gr,525000,RR,NA,"['Brand Central', 'Used Cars']",['#Road Car'],447.0,197.0,2840.0,14.416243654822335,27.35,1.05,images/cars/side/gt7_car_098.jpg?v=2
Dodge Challenger R/T '70,No Gr,306000,FR,NA,"['Legend Cars', 'Possible Reward']",['#Road Car'],478.0,425.0,3801.0,8.943529411764706,25.82,1.0,images/cars/side/gt7_car_104.jpg?v=1
Dodge Charger SRT Hellcat '15,No Gr,76800,FR,SC,"['Brand Central', 'Roulette']",['#Road Car'],599.0,707.0,4365.0,6.173974540311174,21.71,1.12,images/cars/side/gt7_car_105.jpg?v=2
Dodge Charger SRT Hellcat Safety Car,No Gr,100000,FR,SC,['Brand Central'],"['#Road Car', '#Safety Car']",600.0,707.0,4365.0,6.173974540311174,21.75,1.12,images/cars/side/gt7_car_106.jpg?v=2
Dodge SRT Tomahawk GTS-R VGT,No Gr,1000000,4WD,NA,"['Brand Central', 'Roulette']","['#Hybrid Car', '#Midship', '#Racing Car', '#Vision Gran Turismo']",1143.0,1449.0,1462.0,1.0089717046238786,13.51,2.05,images/cars/side/gt7_car_107.jpg?v=2
Dodge SRT Tomahawk S VGT,No Gr,1000000,4WD,NA,"['Brand Central', 'Roulette']","['#Hybrid Car', '#Midship', '#Road Car', '#Vision Gran Turismo']",922.0,1006.0,2030.0,2.017892644135189,16.39,1.42,images/cars/side/gt7_car_108.jpg?v=1
Dodge SRT Tomahawk VGT (Gr.1),Gr.1,1000000,MR,NA,['Brand Central'],"['#Racing Car', '#Vision Gran Turismo']",948.0,693.0,2094.0,3.0216450216450217,17.41,1.88,images/cars/side/gt7_car_109.jpg?v=2
Dodge SRT Tomahawk X VGT,No Gr,1000000,4WD,NA,['Brand Central'],"['#Hybrid Car', '#Midship', '#Racing Car', '#Vision Gran Turismo']",1341.0,2586.0,1651.0,0.6384377416860015,12.01,2.69,images/cars/side/gt7_car_110.jpg?v=2
Dodge Super Bee '70,No Gr,71200,FR,NA,['Used Cars'],['#Road Car'],436.0,355.0,3380.0,9.52112676056338,26.43,0.91,images/cars/side/gt7_car_111.jpg?v=2
Dodge Viper Gr.4,Gr.4,350000,FR,NA,"['Brand Central', 'Reward']",['#Racing Car'],648.0,428.0,3086.0,7.210280373831775,21.77,1.37,images/cars/side/gt7_car_114.jpg?v=2
Dodge Viper GTS '02,No Gr,120000,FR,NA,"['Brand Central', 'Used Cars']",['#Road Car'],558.0,448.0,3459.0,7.720982142857143,22.53,1.11,images/cars/side/gt7_car_112.jpg?v=2
Dodge Viper GTS '13,No Gr,140000,FR,NA,['Brand Central'],['#Road Car'],599.0,640.0,3430.0,5.359375,21.03,1.12,images/cars/side/gt7_car_113.jpg?v=2
Dodge Viper SRT GT3-R '15,Gr.3,450000,FR,NA,['Brand Central'],['#Racing Car'],755.0,678.0,2844.0,4.1946902654867255,18.93,1.48,images/cars/side/gt7_car_115.jpg?v=2
Dodge Viper SRT10 Coupe '06,No Gr,130000,FR,NA,"['Brand Central', 'Used Cars', 'Roulette']",['#Road Car'],575.0,508.0,3450.0,6.791338582677166,21.97,1.12,images/cars/side/gt7_car_116.jpg?v=2
DS Automobiles DS3 Racing '11,No Gr,31000,FF,T,"['Brand Central', 'Reward']",['#Road Car'],456.0,203.0,2568.0,12.650246305418719,27.73,1.04,images/cars/side/gt7_car_099.jpg?v=1
Eckert's Rod &amp; Customs Mach Forty,No Gr,300000,MR,SC,"['Brand Central', 'Reward']","['#Gran Turismo Award', '#Midship', '#Professionally Tuned']",635.0,787.0,3501.0,4.44853875476493,20.42,1.13,images/cars/side/gt7_car_117.jpg?v=2
Ferrari 250 GT Berlinetta passo corto '61,No Gr,8300000,FR,NA,['Legend Cars'],['#Road Car'],464.0,267.0,2116.0,7.925093632958801,25.74,0.95,images/cars/side/gt7_car_118.jpg?v=1
Ferrari 250 GTO '62,No Gr,20000000,FR,NA,['Legend Cars'],['#Racing Car'],531.0,295.0,1940.0,6.576271186440678,23.97,1.06,images/cars/side/gt7_car_119.jpg?v=1
Ferrari 308 GTB '75,No Gr,169000,MR,NA,"['Used Cars', 'Reward', 'Possible Reward']","['#Midship', '#Road Car']",468.0,251.0,2403.0,9.573705179282868,25.25,0.96,images/cars/side/gt7_car_120.jpg?v=1
Ferrari 330 P4 '67,No Gr,9500000,MR,NA,['Legend Cars'],"['#Le Mans', '#Midship', '#Racing Car']",733.0,438.0,1746.0,3.9863013698630136,19.46,1.46,images/cars/side/gt7_car_121.jpg?v=1
Ferrari 365 GTB4 '71,No Gr,690000,FR,NA,['Legend Cars'],['#Road Car'],540.0,347.0,2646.0,7.6253602305475505,23.71,1.06,images/cars/side/gt7_car_122.jpg?v=1
Ferrari 458 Italia '09,No Gr,283000,MR,NA,"['Brand Central', 'Used Cars', 'Reward', 'Possible Reward']","['#Midship', '#Road Car']",614.0,563.0,3274.0,5.815275310834814,20.77,1.13,images/cars/side/gt7_car_123.jpg?v=2
Ferrari 458 Italia Gr.4,Gr.4,350000,MR,NA,['Brand Central'],"['#Midship', '#Racing Car']",636.0,374.0,2976.0,7.957219251336898,22.4,1.36,images/cars/side/gt7_car_125.jpg?v=2
Ferrari 458 Italia GT3 '13,Gr.3,450000,MR,NA,['Brand Central'],"['#Midship', '#Racing Car']",739.0,542.0,2679.0,4.942804428044281,19.81,1.47,images/cars/side/gt7_car_124.jpg?v=2
Ferrari 500 Mondial Pinin Farina Coupe '54,No Gr,2700000,FR,NA,['Legend Cars'],['#Road Car'],461.0,168.0,1587.0,9.446428571428571,26.71,1.07,images/cars/side/gt7_car_126.jpg?v=2
Ferrari 512 BB '76,No Gr,290800,MR,NA,['Used Cars'],"['#Midship', '#Road Car']",527.0,354.0,3086.0,8.717514124293785,23.57,1.06,images/cars/side/gt7_car_127.jpg?v=4
Ferrari Dino 246 GT '71,No Gr,343200,MR,NA,['Used Cars'],"['#Midship', '#Road Car']",439.0,191.0,2381.0,12.465968586387435,26.54,0.96,images/cars/side/gt7_car_128.jpg?v=4
Ferrari Enzo Ferrari '02,No Gr,2500000,MR,NA,"['Brand Central', 'Invitation (Brand Central)']","['#Midship', '#Road Car']",662.0,658.0,2767.0,4.2051671732522795,19.57,1.13,images/cars/side/gt7_car_129.jpg?v=1
Ferrari F12berlinetta '12,No Gr,373000,FR,NA,"['Brand Central', 'Reward']",['#Road Car'],643.0,730.0,3362.0,4.605479452054794,19.73,1.13,images/cars/side/gt7_car_130.jpg?v=1
Ferrari F40 '92,No Gr,3000000,MR,T,['Legend Cars'],"['#Midship', '#Road Car']",607.0,471.0,2425.0,5.148619957537155,21.4,1.12,images/cars/side/gt7_car_131.jpg?v=2
Ferrari F430 '06,No Gr,243200,MR,NA,"['Brand Central', 'Used Cars', 'Possible Reward']","['#Midship', '#Road Car']",596.0,495.0,3197.0,6.458585858585859,21.26,1.12,images/cars/side/gt7_car_132.jpg?v=1
Ferrari F50 '95,No Gr,4300000,MR,NA,['Legend Cars'],"['#Midship', '#Road Car']",614.0,511.0,2712.0,5.307240704500979,21.14,1.14,images/cars/side/gt7_car_133.jpg?v=2
Ferrari F8 Tributo '19,No Gr,330500,MR,T,['Brand Central'],"['#Midship', '#Road Car']",693.0,710.0,2932.0,4.129577464788732,19.44,1.26,images/cars/side/gt7_car_134.jpg?v=2
Ferrari FXX K' '14,No Gr,3600000,MR,NA,"['Brand Central', 'Invitation (Brand Central)']","['#Hybrid Car', '#Hypercar', '#Midship', '#Road Car']",814.0,1034.0,2568.0,2.483558994197292,17.58,1.48,images/cars/side/gt7_car_424.jpg?v=1
Ferrari GTO '84,No Gr,3550000,MR,T,['Legend Cars'],"['#Midship', '#Road Car']",553.0,393.0,2557.0,6.506361323155216,22.69,1.07,images/cars/side/gt7_car_135.jpg?v=1
Ferrari LaFerrari '13,No Gr,1600000,MR,NA,"['Brand Central', 'Invitation (Brand Central)']","['#Hybrid Car', '#Midship', '#Road Car']",741.0,949.0,2767.0,2.915700737618546,17.95,1.24,images/cars/side/gt7_car_136.jpg?v=1
Ferrari Testarossa '91,No Gr,369300,MR,NA,['Used Cars'],"['#Midship', '#Road Car']",521.0,384.0,3320.0,8.645833333333334,23.47,1.05,images/cars/side/gt7_car_137.jpg?v=2
Ferrari Vision Gran Turismo,No Gr,1000000,4WD,T,['Brand Central'],"['#Hybrid Car', '#Midship', '#Road Car', '#Vision Gran Turismo']",938.0,1363.0,2756.0,2.0220102714600148,-1.0,-1.0,images/cars/side/gt7_car_453.jpg?v=2
Fiat 500 1.2 8V Lounge SS '08,No Gr,17000,FF,NA,"['Brand Central', 'Used Cars']",['#Road Car'],274.0,65.0,2227.0,34.261538461538464,37.65,0.91,images/cars/side/gt7_car_138.jpg?v=2
Fiat 500 F '68,No Gr,18800,RR,NA,"['Used Cars', 'Reward']",['#Road Car'],83.0,17.0,1146.0,67.41176470588235,54.78,0.0,images/cars/side/gt7_car_139.jpg?v=3
Ford F-150 SVT Raptor '11,No Gr,95000,4WD,NA,"['Brand Central', 'Reward']","['#Pickup Truck', '#Road Car']",432.0,411.0,6005.0,14.610705596107056,26.64,0.96,images/cars/side/gt7_car_140.jpg?v=3
Ford Focus Gr.B Rally Car,Gr.B,450000,4WD,T,"['Brand Central', 'Reward']",['#Racing Car'],656.0,538.0,2778.0,5.163568773234201,20.09,1.39,images/cars/side/gt7_car_141.jpg?v=3
Ford Focus RS '18,No Gr,41000,4WD,T,"['Brand Central', 'Reward', 'Possible Reward']",['#Road Car'],521.0,350.0,3433.0,9.808571428571428,23.9,1.1,images/cars/side/gt7_car_142.jpg?v=3
Ford Focus ST '15,No Gr,29250,FF,T,['Brand Central'],['#Road Car'],490.0,250.0,3223.0,12.892,26.85,1.11,images/cars/side/gt7_car_143.jpg?v=3
Ford Ford GT '06,No Gr,460000,MR,SC,"['Brand Central', 'Used Cars', 'Reward']","['#Midship', '#Road Car']",601.0,550.0,3199.0,5.816363636363636,20.95,1.12,images/cars/side/gt7_car_144.jpg?v=2
Ford Ford GT '17,No Gr,550000,MR,T,['Brand Central'],"['#Midship', '#Road Car']",629.0,646.0,3053.0,4.726006191950464,20.25,1.14,images/cars/side/gt7_car_145.jpg?v=3
Ford GT LM Race Car Spec II,Gr.3,1600000,MR,SC,['Brand Central'],"['#Midship', '#Racing Car']",754.0,606.0,2491.0,4.1105610561056105,19.03,1.47,images/cars/side/gt7_car_146.jpg?v=2
Ford GT LM Spec II Test Car,Gr.3,1200000,MR,SC,"['Brand Central', 'Roulette']","['#Midship', '#Racing Car']",757.0,590.0,2568.0,4.352542372881356,19.07,1.47,images/cars/side/gt7_car_147.jpg?v=3
Ford GT Race Car '18,Gr.3,1000000,MR,T,['Brand Central'],"['#Midship', '#Racing Car']",731.0,527.0,2646.0,5.020872865275142,20.17,1.48,images/cars/side/gt7_car_148.jpg?v=3
Ford GT40 Mark I '66,No Gr,6700000,MR,NA,['Legend Cars'],"['#Midship', '#Road Car']",557.0,354.0,2381.0,6.7259887005649714,25.08,1.1,images/cars/side/gt7_car_149.jpg?v=1
Ford Mark IV Race Car '67,No Gr,6750000,MR,NA,['Legend Cars'],"['#Le Mans', '#Midship', '#Racing Car']",710.0,503.0,2205.0,4.383697813121272,20.94,1.4,images/cars/side/gt7_car_150.jpg?v=2
Ford Mustang Boss 429 '69,No Gr,323000,FR,NA,"['Legend Cars', 'Reward']",['#Road Car'],496.0,374.0,3558.0,9.51336898395722,25.2,1.06,images/cars/side/gt7_car_151.jpg?v=2
Ford Mustang Gr.3,Gr.3,450000,FR,NA,['Brand Central'],['#Racing Car'],718.0,568.0,2866.0,5.045774647887324,20.33,1.47,images/cars/side/gt7_car_153.jpg?v=2
Ford Mustang Gr.3 Road Car,No Gr,300000,FR,NA,['Brand Central'],['#Road Car'],567.0,502.0,3307.0,6.587649402390438,22.97,1.14,images/cars/side/gt7_car_154.jpg?v=3
Ford Mustang Gr.4,Gr.4,350000,FR,NA,"['Brand Central', 'Reward']",['#Racing Car'],635.0,395.0,3086.0,7.812658227848101,22.06,1.37,images/cars/side/gt7_car_155.jpg?v=3
Ford Mustang Gr.B Rally Car,Gr.B,450000,4WD,NA,['Brand Central'],['#Racing Car'],653.0,549.0,3042.0,5.540983606557377,20.02,1.36,images/cars/side/gt7_car_156.jpg?v=3
Ford Mustang GT '15,No Gr,44310,FR,NA,"['Brand Central', 'Reward']",['#Road Car'],534.0,434.0,3706.0,8.539170506912443,23.63,1.09,images/cars/side/gt7_car_152.jpg?v=3
Ford Mustang Mach 1 '71,No Gr,36100,FR,NA,"['Used Cars', 'Reward', 'Possible Reward']",['#Road Car'],449.0,302.0,3560.0,11.788079470198676,27.42,0.98,images/cars/side/gt7_car_157.jpg?v=1
Ford Roadster,No Gr,400000,FR,NA,['Legend Cars'],['#Road Car'],410.0,179.0,2458.0,13.731843575418994,28.01,0.94,images/cars/side/gt7_car_435.jpg?v=2
Ford Shelby GT350R '16,No Gr,75000,FR,NA,"['Brand Central', 'Roulette']",['#Road Car'],576.0,525.0,3655.0,6.961904761904762,22.87,1.13,images/cars/side/gt7_car_158.jpg?v=3
Ford Sierra RS 500 Cosworth '87,No Gr,200000,FR,T,['Used Cars'],['#Road Car'],468.0,223.0,2661.0,11.932735426008968,27.13,1.05,images/cars/side/gt7_car_450.jpg?v=2
Genesis G70 3.3T AWD P.Package '22,No Gr,96500,4WD,T,"['Brand Central', 'Roulette']",['#Road Car'],510.0,366.0,4001.0,10.931693989071038,24.61,1.09,images/cars/side/gt7_car_159.jpg?v=2
Genesis G70 GR4,Gr.4,350000,4WD,T,['Brand Central'],['#Racing Car'],650.0,414.0,3086.0,7.454106280193237,21.49,1.41,images/cars/side/gt7_car_160.jpg?v=2
Genesis Genesis X GR3,Gr.3,450000,FR,T,['Brand Central'],['#Racing Car'],717.0,547.0,2822.0,5.159049360146252,20.61,1.48,images/cars/side/gt7_car_161.jpg?v=2
Gran Turismo F1500T-A,No Gr,1000000,MR,T,"['Brand Central', 'Roulette', 'Reward']","['#Midship', '#Racing Car']",911.0,986.0,1190.0,1.206896551724138,16.9,1.73,images/cars/side/gt7_car_163.jpg?v=2
Gran Turismo Racing Kart 125 Shifter,No Gr,10000,MR,NA,['Brand Central'],"['#Kart', '#Midship', '#Racing Car']",589.0,49.0,231.0,4.714285714285714,25.23,1.64,images/cars/side/gt7_car_162.jpg?v=1
Gran Turismo Red Bull X2014 Junior,No Gr,350000,MR,NA,['Brand Central'],"['#Midship', '#Racing Car']",685.0,246.0,1213.0,4.930894308943089,21.51,1.44,images/cars/side/gt7_car_164.jpg?v=1
Gran Turismo Red Bull X2014 Standard,No Gr,3000000,MR,T,['Brand Central'],"['#Midship', '#Racing Car']",1071.0,798.0,1433.0,1.7957393483709274,15.77,2.1,images/cars/side/gt7_car_165.jpg?v=4
Gran Turismo Red Bull X2019 25th Anniversary Special Edition Race Car,??,-1.0,MR,NA,['Reward'],[],971.0,804.0,-1.0,-0.0012437810945273632,16.76,1.9,images/cars/side/gt7_car_452.jpg?v=2
Gran Turismo Red Bull X2019 Competition,No Gr,3000000,MR,NA,"['Brand Central', 'Reward']","['#Midship', '#Racing Car']",958.0,804.0,1433.0,1.7823383084577114,16.7,1.84,images/cars/side/gt7_car_166.jpg?v=2
Greddy Greddy Fugu Z,No Gr,300000,FR,NA,"['Brand Central', 'Reward']","['#Gran Turismo Award', '#Professionally Tuned']",538.0,294.0,2425.0,8.248299319727892,24.1,1.11,images/cars/side/gt7_car_167.jpg?v=2
Greening Auto Company Maverick,No Gr,300000,FR,T,['Brand Central'],"['#Gran Turismo Award', '#Professionally Tuned']",660.0,1199.0,3600.0,3.0025020850708923,19.01,1.13,images/cars/side/gt7_car_473.jpg?v=2
Honda 2&amp;4 powered by RC213V,No Gr,1000000,MR,NA,['Brand Central'],"['#Concept Car', '#Midship', '#Road Car']",553.0,211.0,893.0,4.232227488151659,24.5,1.1,images/cars/side/gt7_car_168.jpg?v=1
Honda Beat '91,No Gr,15000,MR,NA,['Used Cars'],"['#Kei Car', '#Midship', '#Road Car']",310.0,63.0,1676.0,26.603174603174605,36.03,0.95,images/cars/side/gt7_car_169.jpg?v=4
Honda Civic Type R (EK) '97,No Gr,51200,FF,NA,['Used Cars'],['#Road Car'],432.0,176.0,2315.0,13.153409090909092,28.28,1.02,images/cars/side/gt7_car_170.jpg?v=2
Honda Civic Type R (EK) '98,No Gr,46800,FF,NA,"['Used Cars', 'Reward', 'Possible Reward']",['#Road Car'],433.0,181.0,2315.0,12.790055248618785,28.28,1.02,images/cars/side/gt7_car_171.jpg?v=1
Honda Civic Type R (EK) Touring Car,No Gr,116600,FF,NA,['Used Cars'],['#Professionally Tuned'],544.0,247.0,1863.0,7.5425101214574894,24.98,1.13,images/cars/side/gt7_car_172.jpg?v=2
Honda Civic Type R (FK2) '15,No Gr,42800,FF,T,"['Brand Central', 'Roulette']",['#Road Car'],513.0,305.0,3042.0,9.973770491803279,25.4,1.12,images/cars/side/gt7_car_173.jpg?v=2
Honda Civic Type R Limited Edition (FK8) '20,No Gr,55000,FF,T,"['Brand Central', 'Reward']",['#Road Car'],531.0,315.0,3020.0,9.587301587301587,25.22,1.14,images/cars/side/gt7_car_174.jpg?v=2
Honda Fit Hybrid '14,No Gr,16800,FF,NA,"['Brand Central', 'Used Cars', 'Reward']","['#Hybrid Car', '#Road Car']",333.0,138.0,2381.0,17.253623188405797,32.68,0.92,images/cars/side/gt7_car_175.jpg?v=1
Honda Honda Sports VGT,No Gr,1000000,MR,T,['Brand Central'],"['#Midship', '#Road Car', '#Vision Gran Turismo']",661.0,403.0,1982.0,4.9181141439205955,21.04,1.25,images/cars/side/gt7_car_176.jpg?v=2
Honda Integra Type R (DC2) '95,No Gr,57700,FF,NA,['Used Cars'],['#Road Car'],452.0,197.0,2337.0,11.862944162436548,27.55,1.03,images/cars/side/gt7_car_177.jpg?v=1
Honda Integra Type R (DC2) '98,No Gr,54000,FF,NA,"['Used Cars', 'Reward', 'Possible Reward']",['#Road Car'],455.0,194.0,2381.0,12.27319587628866,27.55,1.04,images/cars/side/gt7_car_178.jpg?v=3
Honda NSX '17,No Gr,230000,4WD,T,"['Brand Central', 'Roulette']","['#Hybrid Car', '#Midship', '#Road Car']",583.0,570.0,3924.0,6.88421052631579,21.13,1.14,images/cars/side/gt7_car_179.jpg?v=1
Honda NSX CONCEPT-GT '16,Gr.2,800000,MR,T,['Brand Central'],"['#GT500', '#Midship', '#Racing Car']",851.0,603.0,2313.0,3.8358208955223883,19.17,1.73,images/cars/side/gt7_car_180.jpg?v=1
Honda NSX Gr.3,Gr.3,450000,MR,T,['Brand Central'],"['#Midship', '#Racing Car']",723.0,568.0,2866.0,5.045774647887324,20.18,1.46,images/cars/side/gt7_car_182.jpg?v=2
Honda NSX Gr.4,Gr.4,350000,MR,T,['Brand Central'],"['#Midship', '#Racing Car']",643.0,394.0,2998.0,7.6091370558375635,22.02,1.37,images/cars/side/gt7_car_183.jpg?v=2
Honda NSX Gr.B Rally Car,Gr.B,450000,4WD,T,"['Brand Central', 'Roulette', 'Reward']",['#Racing Car'],661.0,557.0,2866.0,5.145421903052065,19.98,1.33,images/cars/side/gt7_car_184.jpg?v=2
Honda NSX GT500 '08,Gr.2,800000,MR,NA,['Brand Central'],"['#GT500', '#Midship', '#Racing Car']",793.0,518.0,2535.0,4.8938223938223935,19.71,1.67,images/cars/side/gt7_car_181.jpg?v=2
Honda NSX Type R '02,No Gr,500000,MR,NA,"['Brand Central', 'Used Cars']","['#Midship', '#Road Car']",530.0,290.0,2800.0,9.655172413793103,23.94,1.12,images/cars/side/gt7_car_185.jpg?v=1
Honda NSX Type R '92,No Gr,398200,MR,NA,['Used Cars'],"['#Midship', '#Road Car']",526.0,288.0,2712.0,9.416666666666666,24.23,1.12,images/cars/side/gt7_car_186.jpg?v=5
Honda RA272 '65,No Gr,2500000,MR,NA,['Legend Cars'],"['#Midship', '#Racing Car']",628.0,228.0,1098.0,4.815789473684211,21.34,1.34,images/cars/side/gt7_car_459.jpg?v=2
Honda S2000 '99,No Gr,100100,FR,NA,['Used Cars'],['#Road Car'],480.0,242.0,2734.0,11.297520661157025,25.85,1.05,images/cars/side/gt7_car_187.jpg?v=2
Honda S660 '15,No Gr,19800,MR,T,['Brand Central'],"['#Kei Car', '#Midship', '#Road Car']",342.0,63.0,1830.0,29.047619047619047,35.3,1.04,images/cars/side/gt7_car_188.jpg?v=1
Honda S800 '66,No Gr,44800,FR,NA,['Used Cars'],['#Road Car'],269.0,68.0,1587.0,23.33823529411765,35.4,0.85,images/cars/side/gt7_car_189.jpg?v=2
Hyundai Genesis Coupe 3.8 '13,No Gr,33000,FR,NA,"['Brand Central', 'Roulette']",['#Road Car'],507.0,343.0,3433.0,10.008746355685131,24.91,1.06,images/cars/side/gt7_car_190.jpg?v=2
Hyundai Genesis Gr.3,Gr.3,450000,FR,NA,['Brand Central'],['#Racing Car'],721.0,575.0,2756.0,4.79304347826087,20.56,1.47,images/cars/side/gt7_car_191.jpg?v=2
Hyundai Genesis Gr.4,Gr.4,350000,FR,NA,"['Brand Central', 'Roulette']",['#Racing Car'],630.0,384.0,2976.0,7.75,22.36,1.36,images/cars/side/gt7_car_192.jpg?v=2
Hyundai Genesis GR.B Rally Car,Gr.B,450000,4WD,NA,['Brand Central'],['#Racing Car'],652.0,499.0,2756.0,5.5230460921843685,20.37,1.38,images/cars/side/gt7_car_193.jpg?v=2
Hyundai HYUNDAI N 2025 VGT,No Gr,1000000,4WD,EV,['Brand Central'],"['#Electric Car', '#Midship', '#Racing Car', '#Vision Gran Turismo']",1003.0,870.0,2143.0,2.4632183908045975,14.92,1.89,images/cars/side/gt7_car_195.jpg?v=2
Hyundai HYUNDAI N 2025 VGT (Gr.1),Gr.1,1000000,4WD,NA,['Brand Central'],"['#Midship', '#Racing Car', '#Vision Gran Turismo']",930.0,640.0,2143.0,3.3484375,16.89,1.79,images/cars/side/gt7_car_194.jpg?v=2
Infiniti INFINITI CONCEPT VGT,No Gr,1000000,FR,NA,['Brand Central'],"['#Hybrid Car', '#Road Car', '#Vision Gran Turismo']",649.0,535.0,3704.0,6.923364485981309,20.87,1.25,images/cars/side/gt7_car_196.jpg?v=2
Italdesign EXENEO Vision Gran Turismo Off-road Mode,No Gr,1000000,4WD,NA,['Brand Central'],"['#Hybrid Car', '#Midship', '#Road Car', '#Vision Gran Turismo']",798.0,1219.0,2205.0,1.8088597210828548,16.63,1.46,images/cars/side/gt7_car_461.jpg?v=2
Italdesign EXENEO Vision Gran Turismo Street Mode,No Gr,1000000,4WD,NA,['Brand Central'],"['#Hybrid Car', '#Midship', '#Road Car', '#Vision Gran Turismo']",805.0,1219.0,2205.0,1.8088597210828548,16.75,1.47,images/cars/side/gt7_car_460.jpg?v=2
Jaguar D-Type '54,No Gr,6000000,FR,NA,['Legend Cars'],['#Racing Car'],495.0,249.0,1874.0,7.526104417670683,24.88,0.97,images/cars/side/gt7_car_197.jpg?v=1
Jaguar E-Type Coupé '61,No Gr,211000,FR,NA,['Legend Cars'],['#Road Car'],436.0,264.0,2866.0,10.856060606060606,26.6,0.93,images/cars/side/gt7_car_198.jpg?v=2
Jaguar F-Type Gr.3,Gr.3,450000,FR,SC,['Brand Central'],['#Racing Car'],722.0,552.0,2756.0,4.992753623188406,20.01,1.46,images/cars/side/gt7_car_199.jpg?v=1
Jaguar F-Type Gr.4,Gr.4,350000,FR,SC,['Brand Central'],['#Racing Car'],639.0,399.0,2976.0,7.458646616541353,21.7,1.36,images/cars/side/gt7_car_200.jpg?v=2
Jaguar F-Type R '14,No Gr,128600,FR,SC,['Brand Central'],['#Road Car'],576.0,542.0,3638.0,6.712177121771218,21.95,1.1,images/cars/side/gt7_car_201.jpg?v=1
Jaguar Jaguar VGT Coupé,No Gr,1000000,4WD,EV,['Brand Central'],"['#Electric Car', '#Road Car', '#Vision Gran Turismo']",756.0,1004.0,3086.0,3.0737051792828685,16.24,1.28,images/cars/side/gt7_car_202.jpg?v=2
Jaguar Jaguar VGT Roadster,No Gr,1000000,4WD,EV,"['Brand Central', 'Roulette']","['#Electric Car', '#Road Car', '#Vision Gran Turismo']",752.0,1004.0,3086.0,3.0737051792828685,16.17,1.25,images/cars/side/gt7_car_203.jpg?v=2
Jaguar Jaguar VGT SV,No Gr,1000000,4WD,EV,['Brand Central'],"['#Electric Car', '#Racing Car', '#Vision Gran Turismo']",1037.0,1876.0,3086.0,1.6449893390191899,13.48,1.91,images/cars/side/gt7_car_425.jpg?v=2
Jaguar XJ13 '66,No Gr,12000000,MR,NA,['Legend Cars'],"['#Le Mans', '#Midship', '#Racing Car']",704.0,510.0,2200.0,4.313725490196078,20.06,1.4,images/cars/side/gt7_car_204.jpg?v=2
Jaguar XJ220 '92,No Gr,615000,MR,T,['Legend Cars'],"['#Midship', '#Road Car']",592.0,515.0,3025.0,5.87378640776699,20.69,1.1,images/cars/side/gt7_car_468.jpg?v=1
Jaguar XJR-9 '88,Gr.1,2200000,MR,NA,['Legend Cars'],"['#Le Mans', '#Midship', '#Racing Car']",898.0,749.0,1971.0,2.6315086782376502,17.86,1.72,images/cars/side/gt7_car_205.jpg?v=1
Jeep Willys MB '45,No Gr,30100,4WD,NA,"['Legend Cars', 'Reward']",['#Road Car'],195.0,60.0,2454.0,40.9,41.82,0.0,images/cars/side/gt7_car_206.jpg?v=1
KTM X-BOW R '12,No Gr,100000,MR,T,['Brand Central'],['#Road Car'],596.0,298.0,1742.0,5.845637583892618,23.21,1.19,images/cars/side/gt7_car_207.jpg?v=2
Lamborghini Aventador LP 700-4 '11,No Gr,400000,4WD,NA,['Brand Central'],"['#Midship', '#Road Car']",633.0,690.0,3472.0,5.0318840579710145,18.78,1.11,images/cars/side/gt7_car_208.jpg?v=2
Lamborghini Aventador LP 750-4 SV '15,No Gr,500000,4WD,NA,"['Brand Central', 'Possible Reward']","['#Midship', '#Road Car']",671.0,739.0,3362.0,4.549391069012179,18.77,1.18,images/cars/side/gt7_car_209.jpg?v=2
Lamborghini Countach 25th Anniversary '88,No Gr,713300,MR,NA,['Used Cars'],"['#Midship', '#Road Car']",530.0,443.0,3285.0,7.415349887133183,22.54,1.02,images/cars/side/gt7_car_210.jpg?v=4
Lamborghini Countach LP400 '74,No Gr,1250000,MR,NA,['Legend Cars'],"['#Midship', '#Road Car']",543.0,373.0,2348.0,6.294906166219839,23.02,1.07,images/cars/side/gt7_car_211.jpg?v=1
Lamborghini Diablo GT '00,No Gr,817300,MR,NA,['Used Cars'],"['#Midship', '#Road Car']",600.0,571.0,3285.0,5.753064798598949,21.22,1.11,images/cars/side/gt7_car_212.jpg?v=2
Lamborghini Huracán Gr.4,Gr.4,350000,4WD,NA,"['Brand Central', 'Roulette']","['#Midship', '#Racing Car']",663.0,404.0,3009.0,7.448019801980198,21.43,1.38,images/cars/side/gt7_car_214.jpg?v=2
Lamborghini Huracán GT3 '15,Gr.3,450000,MR,NA,['Brand Central'],"['#Midship', '#Racing Car']",751.0,576.0,2712.0,4.708333333333333,19.42,1.48,images/cars/side/gt7_car_213.jpg?v=1
Lamborghini Huracán LP 610-4 '15,No Gr,297000,4WD,NA,"['Brand Central', 'Roulette']","['#Midship', '#Road Car']",629.0,601.0,3135.0,5.21630615640599,18.97,1.11,images/cars/side/gt7_car_215.jpg?v=1
Lamborghini Lambo V12 VGT,No Gr,1000000,4WD,NA,['Brand Central'],"['#Hybrid Car', '#Road Car', '#Vision Gran Turismo']",822.0,774.0,1806.0,2.3333333333333335,16.41,1.4,images/cars/side/gt7_car_216.jpg?v=1
Lamborghini Miura P400 Bertone Prototype '67,No Gr,3500000,MR,NA,['Legend Cars'],"['#Midship', '#Road Car']",551.0,349.0,2161.0,6.191977077363897,23.82,1.12,images/cars/side/gt7_car_217.jpg?v=1
Lamborghini Murciélago LP 640 '09,No Gr,385600,4WD,NA,"['Brand Central', 'Used Cars']","['#Midship', '#Road Car']",612.0,631.0,3671.0,5.817749603803486,20.2,1.09,images/cars/side/gt7_car_218.jpg?v=3
Lamborghini Veneno '14,No Gr,3640000,4WD,NA,"['Brand Central', 'Invitation (Brand Central)']","['#Hypercar', '#Midship', '#Road Car']",696.0,739.0,3197.0,4.326116373477673,17.95,1.19,images/cars/side/gt7_car_219.jpg?v=1
Lancia Delta HF Integrale Evoluzione '91,No Gr,107900,4WD,T,['Used Cars'],['#Road Car'],401.0,209.0,2976.0,14.239234449760765,28.4,0.92,images/cars/side/gt7_car_221.jpg?v=3
Lancia Stratos '73,No Gr,532100,MR,NA,['Used Cars'],"['#Midship', '#Road Car']",437.0,185.0,2161.0,11.68108108108108,26.32,0.97,images/cars/side/gt7_car_220.jpg?v=1
Lexus LC500 '17,No Gr,150000,FR,NA,['Brand Central'],['#Road Car'],548.0,469.0,4277.0,9.119402985074627,23.16,1.1,images/cars/side/gt7_car_222.jpg?v=2
Lexus LF-LC GT VGT,No Gr,1000000,FR,T,['Brand Central'],"['#Hybrid Car', '#Racing Car', '#Vision Gran Turismo']",843.0,612.0,2370.0,3.872549019607843,19.0,1.71,images/cars/side/gt7_car_223.jpg?v=2
Lexus RC F '14,No Gr,95300,FR,NA,['Brand Central'],['#Road Car'],550.0,469.0,3946.0,8.4136460554371,23.09,1.1,images/cars/side/gt7_car_224.jpg?v=4
Lexus RC F Gr.4,Gr.4,350000,FR,NA,['Brand Central'],['#Racing Car'],639.0,419.0,3086.0,7.365155131264917,21.82,1.36,images/cars/side/gt7_car_228.jpg?v=2
Lexus RC F GT3 '17,Gr.3,450000,FR,NA,['Brand Central'],['#Racing Car'],713.0,535.0,2866.0,5.357009345794393,20.66,1.48,images/cars/side/gt7_car_225.jpg?v=2
Lexus RC F GT3 prototype '16,Gr.3,450000,FR,NA,['Brand Central'],['#Racing Car'],711.0,527.0,2866.0,5.438330170777989,20.55,1.47,images/cars/side/gt7_car_226.jpg?v=2
Lexus RC F GT500 '16,Gr.2,800000,FR,T,['Brand Central'],"['#GT500', '#Racing Car']",850.0,614.0,2249.0,3.6628664495114007,18.79,1.71,images/cars/side/gt7_car_227.jpg?v=2
Lexus SC430 GT500 '08,Gr.2,800000,FR,NA,['Brand Central'],"['#GT500', '#Racing Car']",790.0,516.0,2425.0,4.699612403100775,19.6,1.66,images/cars/side/gt7_car_229.jpg?v=2
Maserati A6GCS/53 Spyder '54,No Gr,2900000,FR,NA,['Legend Cars'],"['#Gran Turismo Award', '#Racing Car']",502.0,166.0,1631.0,9.825301204819278,26.19,1.09,images/cars/side/gt7_car_438.jpg?v=2
Maserati GranTurismo S '08,No Gr,167000,FR,NA,"['Brand Central', 'Used Cars']",['#Road Car'],539.0,439.0,3924.0,8.938496583143507,23.57,1.09,images/cars/side/gt7_car_233.jpg?v=1
Maserati MC20 '20,No Gr,300000,MR,T,['Brand Central'],"['#Midship', '#Road Car']",620.0,621.0,3307.0,5.325281803542673,19.79,1.12,images/cars/side/gt7_car_479.jpg?v=2
Maserati Merak SS '80,No Gr,75000,MR,NA,['Legend Cars'],"['#Midship', '#Road Car']",422.0,216.0,3131.0,14.49537037037037,27.9,0.97,images/cars/side/gt7_car_432.jpg?v=1
Mazda 787B '91,Gr.1,2200000,MR,NA,['Legend Cars'],"['#Le Mans', '#Midship', '#Racing Car']",882.0,690.0,1830.0,2.652173913043478,18.01,1.66,images/cars/side/gt7_car_234.jpg?v=1
Mazda Atenza Gr.3,Gr.3,450000,FR,T,"['Brand Central', 'Roulette']",['#Racing Car'],715.0,567.0,2822.0,4.977072310405644,20.86,1.48,images/cars/side/gt7_car_235.jpg?v=2
Mazda Atenza Gr.3 Road Car,No Gr,300000,FR,T,['Brand Central'],['#Road Car'],572.0,483.0,3197.0,6.619047619047619,22.93,1.16,images/cars/side/gt7_car_236.jpg?v=1
Mazda Atenza Gr.4,Gr.4,350000,4WD,T,['Brand Central'],['#Racing Car'],611.0,393.0,3042.0,7.740458015267175,22.7,1.35,images/cars/side/gt7_car_237.jpg?v=2
Mazda Atenza Sedan XD L Package '15,No Gr,39690,4WD,T,"['Brand Central', 'Roulette']",['#Road Car'],368.0,172.0,3527.0,20.50581395348837,29.89,0.91,images/cars/side/gt7_car_238.jpg?v=1
Mazda Demio XD Touring '15,No Gr,19500,FF,T,"['Brand Central', 'Used Cars', 'Reward']",['#Road Car'],318.0,103.0,2381.0,23.116504854368934,33.5,0.91,images/cars/side/gt7_car_239.jpg?v=1
Mazda Eunos Roadster (NA) '89,No Gr,28400,FR,NA,"['Used Cars', 'Reward', 'Possible Reward']",['#Road Car'],369.0,117.0,2072.0,17.70940170940171,30.52,0.94,images/cars/side/gt7_car_240.jpg?v=5
Mazda LM55 VGT,No Gr,1000000,4WD,NA,['Brand Central'],"['#Midship', '#Racing Car', '#Vision Gran Turismo']",970.0,-1.0,-1.0,1.0,15.77,1.86,images/cars/side/gt7_car_241.jpg?v=2
Mazda LM55 VGT (Gr.1),Gr.1,1000000,4WD,NA,['Brand Central'],"['#Midship', '#Racing Car', '#Vision Gran Turismo']",928.0,641.0,1940.0,3.0265210608424336,17.32,1.83,images/cars/side/gt7_car_242.jpg?v=1
Mazda Mazda3 '19,No Gr,37000,4WD,NA,['Brand Central'],['#Road Car'],418.0,177.0,3263.0,18.43502824858757,29.07,1.01,images/cars/side/gt7_car_466.jpg?v=1
Mazda Roadster NR-A (ND) '22,No Gr,31000,FR,NA,['Brand Central'],['#Road Car'],421.0,130.0,3818.0,29.369230769230768,29.55,1.08,images/cars/side/gt7_car_446.jpg?v=1
Mazda Roadster S (ND) '15,No Gr,24950,FR,NA,['Brand Central'],['#Road Car'],411.0,128.0,2183.0,17.0546875,29.84,1.05,images/cars/side/gt7_car_250.jpg?v=1
Mazda Roadster Touring Car,No Gr,90000,FR,NA,"['Brand Central', 'Roulette']",['#Professionally Tuned'],529.0,205.0,1753.0,8.551219512195122,24.74,1.16,images/cars/side/gt7_car_251.jpg?v=1
Mazda RX-7 GT-X (FC) '90,No Gr,50700,FR,T,"['Used Cars', 'Reward']",['#Road Car'],451.0,203.0,2756.0,13.576354679802956,27.29,1.03,images/cars/side/gt7_car_243.jpg?v=3
Mazda RX-7 Spirit R Type A (FD) '02,No Gr,250000,FR,T,"['Brand Central', 'Used Cars', 'Roulette']",['#Road Car'],518.0,292.0,2800.0,9.58904109589041,24.89,1.12,images/cars/side/gt7_car_244.jpg?v=2
Mazda RX-8 Spirit R '12,No Gr,32500,FR,NA,"['Brand Central', 'Roulette']",['#Road Car'],489.0,230.0,2976.0,12.939130434782609,26.5,1.11,images/cars/side/gt7_car_245.jpg?v=1
Mazda RX-Vision '15,No Gr,1000000,FR,NA,['Brand Central'],"['#Concept Car', '#Road Car']",632.0,517.0,2844.0,5.500967117988394,21.29,1.18,images/cars/side/gt7_car_246.jpg?v=2
Mazda RX-VISION GT3 CONCEPT,Gr.3,450000,FR,NA,['Brand Central'],['#Racing Car'],737.0,562.0,2756.0,4.903914590747331,20.06,1.46,images/cars/side/gt7_car_247.jpg?v=1
Mazda RX-VISION GT3 CONCEPT Stealth Model,Gr.3,450000,FR,NA,['Other'],"['#Racing Car', '#Vision Gran Turismo']",737.0,562.0,2756.0,4.903914590747331,20.06,1.46,images/cars/side/gt7_car_248.jpg?v=1
Mazda RX500 '70,No Gr,600000,MR,NA,['Legend Cars'],"['#Midship', '#Road Car']",466.0,247.0,1874.0,7.587044534412955,25.55,0.96,images/cars/side/gt7_car_249.jpg?v=1
McLaren 650S '14,No Gr,340000,MR,T,['Brand Central'],"['#Midship', '#Road Car']",635.0,641.0,2932.0,4.574102964118564,20.33,1.14,images/cars/side/gt7_car_252.jpg?v=2
McLaren 650S Gr.4,Gr.4,350000,MR,T,"['Brand Central', 'Roulette']","['#Midship', '#Racing Car']",636.0,399.0,2866.0,7.18295739348371,22.16,1.35,images/cars/side/gt7_car_254.jpg?v=2
McLaren 650S GT3 '15,Gr.3,450000,MR,T,['Brand Central'],"['#Midship', '#Racing Car']",722.0,542.0,2734.0,5.044280442804428,20.44,1.46,images/cars/side/gt7_car_253.jpg?v=2
McLaren McLaren F1 '94,No Gr,20000000,MR,NA,['Legend Cars'],"['#Midship', '#Road Car']",646.0,626.0,2513.0,4.014376996805112,20.02,1.15,images/cars/side/gt7_car_256.jpg?v=2
McLaren McLaren F1 GTR - BMW '95,Gr.3,12500000,MR,NA,"['Legend Cars', 'Other']","['#Le Mans', '#Midship', '#Racing Car']",772.0,600.0,2315.0,3.8583333333333334,18.73,1.5,images/cars/side/gt7_car_257.jpg?v=1
McLaren McLaren MP4/4 '88,No Gr,8000000,MR,T,['Legend Cars'],"['#Midship', '#Racing Car']",895.0,675.0,1190.0,1.762962962962963,18.61,1.37,images/cars/side/gt7_car_441.jpg?v=2
McLaren McLaren P1 GTR '16,No Gr,3600000,MR,T,['Brand Central'],"['#Hybrid Car', '#Midship', '#Racing Car']",797.0,986.0,2965.0,3.0070993914807302,17.66,1.45,images/cars/side/gt7_car_258.jpg?v=2
McLaren McLaren VGT,No Gr,1000000,MR,T,['Brand Central'],"['#Hybrid Car', '#Midship', '#Racing Car', '#Vision Gran Turismo']",990.0,1134.0,1984.0,1.7495590828924161,15.8,1.81,images/cars/side/gt7_car_259.jpg?v=2
McLaren McLaren VGT (Gr.1),Gr.1,1000000,MR,T,['Brand Central'],"['#Hybrid Car', '#Midship', '#Racing Car', '#Vision Gran Turismo']",936.0,936.0,1984.0,2.1196581196581197,17.21,1.83,images/cars/side/gt7_car_260.jpg?v=2
McLaren MP4-12C '10,No Gr,225000,MR,T,"['Brand Central', 'Used Cars', 'Roulette']","['#Midship', '#Road Car']",627.0,600.0,2976.0,4.96,20.73,1.13,images/cars/side/gt7_car_255.jpg?v=2
Mercedes-Benz 300 SL (W194) Coupé '52,No Gr,20000000,FR,NA,['Legend Cars'],['#Racing Car'],434.0,178.0,2381.0,13.376404494382022,27.15,0.97,images/cars/side/gt7_car_261.jpg?v=2
Mercedes-Benz 300 SL Coupé '54,No Gr,1700000,FR,NA,['Legend Cars'],['#Road Car'],406.0,212.0,2855.0,13.466981132075471,27.75,0.93,images/cars/side/gt7_car_262.jpg?v=1
Mercedes-Benz S Barker Tourer '29,No Gr,13000000,FR,SC,['Legend Cars'],['#Road Car'],345.0,177.0,2800.0,15.819209039548022,30.36,0.84,images/cars/side/gt7_car_263.jpg?v=2
Mercedes-Benz Sauber Mercedes C9 '89,Gr.1,3000000,MR,T,['Legend Cars'],"['#Le Mans', '#Midship', '#Racing Car']",881.0,710.0,1969.0,2.7732394366197184,18.61,1.69,images/cars/side/gt7_car_265.jpg?v=3
Mercedes-Benz SLR McLaren '09,No Gr,600000,FR,SC,"['Brand Central', 'Used Cars']",['#Road Car'],600.0,616.0,3898.0,6.327922077922078,21.44,1.12,images/cars/side/gt7_car_264.jpg?v=3
MINI MINI Clubman VGT,No Gr,1000000,4WD,T,['Brand Central'],"['#Racing Car', '#Vision Gran Turismo']",657.0,388.0,2315.0,5.966494845360825,20.95,1.37,images/cars/side/gt7_car_230.jpg?v=2
MINI Mini Cooper S '05,No Gr,28500,FF,SC,"['Brand Central', 'Used Cars', 'Reward']",['#Road Car'],434.0,167.0,2601.0,15.574850299401197,28.55,1.02,images/cars/side/gt7_car_231.jpg?v=2
MINI Mini-Cooper 'S' '65,No Gr,38000,FF,NA,"['Used Cars', 'Reward']",['#Road Car'],250.0,65.0,1334.0,20.523076923076925,38.24,0.84,images/cars/side/gt7_car_232.jpg?v=3
Mitsubishi Concept XR-PHEV EVOLUTION VGT,No Gr,1000000,4WD,T,['Brand Central'],"['#Hybrid Car', '#Racing Car', '#Vision Gran Turismo']",687.0,502.0,2976.0,5.9282868525896415,21.79,1.49,images/cars/side/gt7_car_266.jpg?v=2
Mitsubishi GTO Twin Turbo '91,No Gr,48900,4WD,T,"['Used Cars', 'Reward']",['#Road Car'],468.0,289.0,3748.0,12.96885813148789,26.04,1.04,images/cars/side/gt7_car_267.jpg?v=1
Mitsubishi Lancer Evolution Final '15,No Gr,60000,4WD,T,"['Brand Central', 'Reward']",['#Road Car'],503.0,309.0,3373.0,10.915857605177994,25.05,1.11,images/cars/side/gt7_car_268.jpg?v=2
Mitsubishi Lancer Evolution Final Gr.3,Gr.3,450000,FR,T,['Brand Central'],['#Racing Car'],725.0,610.0,2844.0,4.662295081967213,20.15,1.47,images/cars/side/gt7_car_269.jpg?v=2
Mitsubishi Lancer Evolution Final Gr.4,Gr.4,350000,4WD,T,"['Brand Central', 'Roulette']",['#Racing Car'],623.0,389.0,2932.0,7.5372750642673525,22.35,1.38,images/cars/side/gt7_car_270.jpg?v=2
Mitsubishi Lancer Evolution Final Gr.B Rally Car,Gr.B,450000,4WD,T,['Brand Central'],['#Racing Car'],654.0,521.0,2844.0,5.45873320537428,20.22,1.41,images/cars/side/gt7_car_271.jpg?v=2
Mitsubishi Lancer Evolution Final Gr.B Road Car,No Gr,300000,4WD,T,['Brand Central'],['#Road Car'],561.0,473.0,3142.0,6.642706131078224,22.63,1.15,images/cars/side/gt7_car_272.jpg?v=2
Mitsubishi Lancer Evolution III GSR '95,No Gr,100000,4WD,T,['Used Cars'],['#Road Car'],474.0,264.0,2778.0,10.522727272727273,25.11,1.0,images/cars/side/gt7_car_476.jpg?v=2
Mitsubishi Lancer Evolution IV GSR '96,No Gr,45300,4WD,T,['Used Cars'],['#Road Car'],467.0,273.0,2976.0,10.901098901098901,25.69,1.03,images/cars/side/gt7_car_273.jpg?v=1
Mitsubishi Lancer Evolution V GSR '98,No Gr,67100,4WD,T,['Used Cars'],['#Road Car'],483.0,306.0,2998.0,9.797385620915033,24.66,1.03,images/cars/side/gt7_car_274.jpg?v=3
Mitsubishi Lancer Evolution VI GSR T.M. SCP '99,No Gr,162400,4WD,T,['Used Cars'],['#Road Car'],505.0,311.0,2998.0,9.639871382636656,24.28,1.09,images/cars/side/gt7_car_275.jpg?v=5
Nissan 180SX Type X '96,No Gr,58300,FR,T,"['Used Cars', 'Possible Reward']",['#Road Car'],450.0,206.0,2690.0,13.058252427184467,27.17,1.04,images/cars/side/gt7_car_276.jpg?v=1
Nissan Fairlady 240ZG (HS30) '71,No Gr,99100,FR,NA,['Used Cars'],['#Road Car'],394.0,147.0,2227.0,15.149659863945578,28.82,0.93,images/cars/side/gt7_car_277.jpg?v=1
Nissan Fairlady Z (Z34) '08,No Gr,43750,FR,NA,"['Brand Central', 'Used Cars', 'Roulette', 'Possible Reward']",['#Road Car'],516.0,331.0,3373.0,10.190332326283988,24.77,1.1,images/cars/side/gt7_car_278.jpg?v=2
Nissan Fairlady Z 300ZX TT 2seater '89,No Gr,52900,FR,T,['Used Cars'],['#Road Car'],473.0,276.0,3329.0,12.06159420289855,26.12,1.04,images/cars/side/gt7_car_279.jpg?v=1
Nissan Fairlady Z 432 '69,No Gr,190000,FR,NA,"['Legend Cars', 'Reward']",['#Road Car'],399.0,157.0,2293.0,14.605095541401274,28.52,0.94,images/cars/side/gt7_car_280.jpg?v=2
Nissan Fairlady Z Version S (Z33) '07,No Gr,36300,FR,NA,"['Brand Central', 'Used Cars', 'Reward']",['#Road Car'],519.0,310.0,3263.0,10.525806451612903,24.81,1.11,images/cars/side/gt7_car_281.jpg?v=3
Nissan GT-R '17,No Gr,94770,4WD,T,"['Brand Central', 'Reward']",['#Road Car'],598.0,564.0,3902.0,6.918439716312057,20.97,1.13,images/cars/side/gt7_car_282.jpg?v=2
Nissan GT-R GR.4,Gr.4,350000,4WD,T,['Brand Central'],['#Racing Car'],633.0,428.0,3197.0,7.469626168224299,21.69,1.37,images/cars/side/gt7_car_285.jpg?v=3
Nissan GT-R Gr.B Rally Car,Gr.B,450000,4WD,T,['Brand Central'],['#Racing Car'],656.0,542.0,2976.0,5.490774907749078,20.04,1.39,images/cars/side/gt7_car_286.jpg?v=1
Nissan GT-R GT500 '08,Gr.2,1000000,FR,NA,"['Brand Central', 'Roulette']","['#GT500', '#Racing Car']",794.0,527.0,2425.0,4.601518026565465,19.51,1.65,images/cars/side/gt7_car_283.jpg?v=2
Nissan GT-R GT500 '99,Gr.3,2700000,FR,T,['Legend Cars'],"['#GT500', '#Racing Car']",726.0,498.0,2646.0,5.313253012048193,20.63,1.48,images/cars/side/gt7_car_284.jpg?v=2
Nissan GT-R LM NISMO '15,Gr.1,1000000,FF,T,['Brand Central'],"['#Hybrid Car', '#Le Mans', '#Racing Car']",907.0,604.0,1940.0,3.2119205298013247,17.91,1.88,images/cars/side/gt7_car_287.jpg?v=2
Nissan GT-R NISMO '17,No Gr,187000,4WD,T,['Brand Central'],['#Road Car'],620.0,591.0,3836.0,6.490693739424704,20.59,1.19,images/cars/side/gt7_car_288.jpg?v=2
Nissan GT-R NISMO (R32) '90,No Gr,400000,4WD,T,['Used Cars'],['#Road Car'],508.0,306.0,3086.0,10.084967320261438,23.95,1.06,images/cars/side/gt7_car_474.jpg?v=2
Nissan GT-R NISMO GT3 '13,Gr.3,450000,FR,T,['Brand Central'],"['#Nurburgring 24 Hours', '#Racing Car']",717.0,591.0,2866.0,4.849407783417936,20.66,1.47,images/cars/side/gt7_car_289.jpg?v=2
Nissan GT-R NISMO GT3 '18,Gr.3,600000,FR,T,['Brand Central'],['#Racing Car'],723.0,576.0,2833.0,4.918402777777778,20.52,1.48,images/cars/side/gt7_car_448.jpg?v=1
Nissan GT-R NISMO GT500 '16,Gr.2,800000,FR,T,['Brand Central'],"['#GT500', '#Racing Car']",852.0,612.0,2249.0,3.6748366013071894,18.93,1.72,images/cars/side/gt7_car_290.jpg?v=2
Nissan GT-R Safety Car,No Gr,130000,4WD,T,['Brand Central'],"['#Road Car', '#Safety Car']",599.0,564.0,3836.0,6.801418439716312,20.91,1.14,images/cars/side/gt7_car_291.jpg?v=2
Nissan NISSAN CONCEPT 2020 VGT,No Gr,1000000,4WD,T,['Brand Central'],"['#Hybrid Car', '#Road Car', '#Vision Gran Turismo']",690.0,-1.0,-1.0,1.0,19.05,1.25,images/cars/side/gt7_car_292.jpg?v=2
Nissan R32 GT-R V-spec II '94,No Gr,176000,4WD,T,"['Used Cars', 'Reward']",['#Road Car'],507.0,306.0,3307.0,10.80718954248366,24.7,1.09,images/cars/side/gt7_car_293.jpg?v=3
Nissan R33 GT-R V-spec '97,No Gr,158700,4WD,T,"['Used Cars', 'Reward']",['#Road Car'],509.0,312.0,3395.0,10.881410256410257,24.42,1.08,images/cars/side/gt7_car_294.jpg?v=3
Nissan R34 GT-R V-spec II Nür '02,No Gr,450000,4WD,T,"['Brand Central', 'Used Cars', 'Reward']",['#Road Car'],523.0,336.0,3439.0,10.235119047619047,24.1,1.11,images/cars/side/gt7_car_295.jpg?v=3
Nissan R92CP '92,Gr.1,3000000,MR,T,['Legend Cars'],"['#Le Mans', '#Midship', '#Racing Car']",886.0,939.0,1984.0,2.1128860489882855,18.31,1.66,images/cars/side/gt7_car_296.jpg?v=2
Nissan Sileighty '98,No Gr,78600,FR,T,['Used Cars'],['#Road Car'],454.0,203.0,2579.0,12.704433497536947,27.2,1.04,images/cars/side/gt7_car_298.jpg?v=2
Nissan Silvia K's Aero (S14) '96,No Gr,60000,FR,T,['Used Cars'],['#Road Car'],476.0,216.0,2756.0,12.75925925925926,27.06,1.09,images/cars/side/gt7_car_451.jpg?v=3
Nissan Silvia K's Dia Selection (S13) '90,No Gr,51200,FR,T,"['Used Cars', 'Possible Reward']",['#Road Car'],405.0,171.0,2513.0,14.695906432748538,28.65,0.94,images/cars/side/gt7_car_299.jpg?v=4
Nissan Silvia K's Type S (S14) '94,No Gr,60000,FR,T,['Used Cars'],['#Road Car'],476.0,216.0,2690.0,12.453703703703704,27.14,1.08,images/cars/side/gt7_car_443.jpg?v=1
Nissan Silvia Q's (S13) '88,No Gr,33900,FR,NA,"['Used Cars', 'Reward', 'Possible Reward']",['#Road Car'],369.0,132.0,2403.0,18.204545454545453,30.43,0.94,images/cars/side/gt7_car_300.jpg?v=3
Nissan SILVIA spec-R Aero (S15) '02,No Gr,68000,FR,T,"['Brand Central', 'Used Cars', 'Reward']",['#Road Car'],486.0,246.0,2734.0,11.113821138211382,26.27,1.09,images/cars/side/gt7_car_297.jpg?v=3
Nissan Silvia spec-R Aero (S15) Touring Car,Gr.4,350000,FR,T,['Brand Central'],['#Racing Car'],640.0,355.0,2205.0,6.211267605633803,22.09,1.37,images/cars/side/gt7_car_301.jpg?v=3
Nissan Skyline 2000GT-R (KPGC110) '73,No Gr,542000,FR,NA,['Legend Cars'],['#Road Car'],386.0,157.0,2524.0,16.076433121019107,29.46,0.94,images/cars/side/gt7_car_447.jpg?v=1
Nissan Skyline Hard Top 2000GT-R (KPGC10) '70,No Gr,170000,FR,NA,['Legend Cars'],['#Road Car'],383.0,157.0,2425.0,15.445859872611464,29.19,0.92,images/cars/side/gt7_car_302.jpg?v=1
Nissan Skyline Super Silhouette '84,Gr.3,1150000,FR,T,['Legend Cars'],['#Racing Car'],728.0,561.0,2216.0,3.950089126559715,20.96,1.39,images/cars/side/gt7_car_437.jpg?v=2
Nissan Z Performance '23,No Gr,69660,FR,T,"['Brand Central', 'Roulette']",['#Road Car'],543.0,399.0,3402.0,8.526315789473685,23.85,1.1,images/cars/side/gt7_car_303.jpg?v=2
Pagani Huayra '13,No Gr,1350000,MR,T,"['Brand Central', 'Invitation (Brand Central)', 'Possible Reward']","['#Midship', '#Road Car']",680.0,730.0,2976.0,4.076712328767123,19.37,1.18,images/cars/side/gt7_car_304.jpg?v=2
Pagani Zonda R '09,No Gr,1800000,MR,NA,['Brand Central'],"['#Concept Car', '#Midship', '#Racing Car']",782.0,737.0,2359.0,3.2008141112618724,18.34,1.45,images/cars/side/gt7_car_305.jpg?v=2
Peugeot 205 Turbo 16 Evolution 2 '86,Gr.B,1100000,4WD,T,"['Legend Cars', 'Reward']","['#Midship', '#Racing Car', '#WRC']",674.0,448.0,2006.0,4.477678571428571,20.89,1.42,images/cars/side/gt7_car_306.jpg?v=2
Peugeot 208 GTI by Peugeot Sport '14,No Gr,30000,FF,T,"['Brand Central', 'Reward']",['#Road Car'],451.0,204.0,2646.0,12.970588235294118,27.67,1.03,images/cars/side/gt7_car_307.jpg?v=2
Peugeot 908 HDi FAP '10,Gr.1,1000000,MR,T,['Brand Central'],"['#Le Mans', '#Midship', '#Racing Car']",928.0,700.0,2050.0,2.9285714285714284,17.67,1.79,images/cars/side/gt7_car_308.jpg?v=2
Peugeot L500R HYbrid VGT 2017,No Gr,1000000,4WD,T,['Brand Central'],"['#Hybrid Car', '#Road Car', '#Vision Gran Turismo']",659.0,268.0,2205.0,8.227611940298507,19.77,1.17,images/cars/side/gt7_car_309.jpg?v=2
Peugeot L750R HYbrid VGT 2017,Gr.1,1000000,4WD,T,"['Brand Central', 'Roulette']","['#Hybrid Car', '#Midship', '#Racing Car', '#Vision Gran Turismo']",948.0,693.0,1819.0,2.624819624819625,17.15,1.85,images/cars/side/gt7_car_310.jpg?v=2
Peugeot PEUGEOT VGT,No Gr,1000000,4WD,T,['Brand Central'],"['#Midship', '#Racing Car', '#Vision Gran Turismo']",806.0,873.0,1929.0,2.209621993127148,16.53,1.37,images/cars/side/gt7_car_311.jpg?v=2
Peugeot PEUGEOT VGT Gr.3,Gr.3,450000,MR,T,['Brand Central'],"['#Midship', '#Racing Car', '#Vision Gran Turismo']",710.0,542.0,2756.0,5.084870848708487,20.65,1.42,images/cars/side/gt7_car_312.jpg?v=1
Peugeot RCZ Gr.3,Gr.3,450000,MR,T,['Brand Central'],"['#Midship', '#Racing Car']",717.0,520.0,2646.0,5.088461538461538,20.65,1.48,images/cars/side/gt7_car_314.jpg?v=1
Peugeot RCZ Gr.3 Road Car,No Gr,300000,MR,T,['Brand Central'],"['#Midship', '#Road Car']",559.0,468.0,3086.0,6.594017094017094,23.02,1.11,images/cars/side/gt7_car_315.jpg?v=2
Peugeot RCZ Gr.4,Gr.4,350000,FF,T,['Brand Central'],['#Racing Car'],629.0,345.0,2701.0,7.828985507246377,23.21,1.41,images/cars/side/gt7_car_316.jpg?v=2
Peugeot RCZ Gr.B Rally Car,Gr.B,450000,4WD,T,"['Brand Central', 'Roulette']","['#Midship', '#Racing Car']",654.0,516.0,2646.0,5.127906976744186,20.42,1.34,images/cars/side/gt7_car_317.jpg?v=2
Peugeot RCZ GT Line '15,No Gr,46600,FF,T,['Brand Central'],['#Road Car'],421.0,152.0,2976.0,19.57894736842105,29.96,1.05,images/cars/side/gt7_car_313.jpg?v=2
Plymouth Superbird '70,No Gr,510000,FR,NA,['Legend Cars'],['#Road Car'],445.0,425.0,3869.0,9.103529411764706,25.9,0.9,images/cars/side/gt7_car_318.jpg?v=1
Plymouth XNR Ghia Roadster '60,No Gr,1600000,FR,NA,['Legend Cars'],['#Road Car'],421.0,250.0,3307.0,13.228,29.54,0.9,images/cars/side/gt7_car_319.jpg?v=2
Pontiac Firebird Trans Am '78,No Gr,96200,FR,NA,['Used Cars'],['#Road Car'],404.0,219.0,3616.0,16.511415525114156,29.16,0.94,images/cars/side/gt7_car_320.jpg?v=2
Pontiac GTO 'The Judge' '69,No Gr,201000,FR,NA,['Legend Cars'],['#Road Car'],448.0,364.0,3549.0,9.75,25.91,0.92,images/cars/side/gt7_car_439.jpg?v=2
Porsche 356 A/1500 GS Carrera '56,No Gr,615000,RR,NA,['Legend Cars'],['#Road Car'],355.0,97.0,1852.0,19.09278350515464,32.01,0.95,images/cars/side/gt7_car_321.jpg?v=2
Porsche 356 A/1500 GS GT Carrera Speedster '56,No Gr,1500000,RR,NA,['Legend Cars'],['#Road Car'],372.0,107.0,1852.0,17.30841121495327,30.78,0.95,images/cars/side/gt7_car_322.jpg?v=1
Porsche 911 Carrera RS (901) '73,No Gr,745000,RR,NA,['Legend Cars'],['#Road Car'],487.0,206.0,2370.0,11.504854368932039,25.54,1.09,images/cars/side/gt7_car_462.jpg?v=2
Porsche 911 Carrera RS (964) '92,No Gr,225100,RR,NA,"['Used Cars', 'Reward']",['#Road Car'],518.0,251.0,2712.0,10.804780876494023,24.59,1.12,images/cars/side/gt7_car_323.jpg?v=2
Porsche 911 Carrera RS (993) '95,No Gr,437300,RR,NA,"['Used Cars', 'Reward']",['#Road Car'],532.0,295.0,2800.0,9.491525423728813,24.15,1.13,images/cars/side/gt7_car_324.jpg?v=1
Porsche 911 Carrera RS CS (993) '95,No Gr,421000,RR,NA,"['Used Cars', 'Possible Reward']",['#Road Car'],534.0,295.0,2723.0,9.230508474576272,24.03,1.14,images/cars/side/gt7_car_325.jpg?v=2
Porsche 911 GT1 Strassenversion '97,No Gr,9000000,MR,T,['Legend Cars'],"['#Midship', '#Road Car']",644.0,533.0,2646.0,4.9643527204502815,21.65,1.2,images/cars/side/gt7_car_326.jpg?v=3
Porsche 911 GT3 (996) '01,No Gr,180000,RR,NA,"['Brand Central', 'Used Cars', 'Possible Reward']",['#Road Car'],554.0,354.0,2976.0,8.40677966101695,22.99,1.14,images/cars/side/gt7_car_327.jpg?v=2
Porsche 911 GT3 (997) '09,No Gr,160000,RR,NA,"['Brand Central', 'Used Cars', 'Possible Reward']",['#Road Car'],582.0,428.0,3075.0,7.184579439252336,21.89,1.15,images/cars/side/gt7_car_328.jpg?v=2
Porsche 911 GT3 RS (991) '16,No Gr,253000,RR,NA,['Brand Central'],['#Road Car'],637.0,491.0,3131.0,6.3767820773930755,21.01,1.22,images/cars/side/gt7_car_329.jpg?v=2
Porsche 911 RSR (991) '17,Gr.3,450000,MR,NA,"['Brand Central', 'Roulette']","['#Midship', '#Racing Car']",718.0,509.0,2740.0,5.383104125736739,20.69,1.48,images/cars/side/gt7_car_330.jpg?v=2
Porsche 911 Turbo (930) '81,No Gr,215500,RR,T,"['Used Cars', 'Reward']",['#Road Car'],502.0,295.0,2866.0,9.715254237288136,24.56,1.05,images/cars/side/gt7_car_331.jpg?v=6
Porsche 917 LIVING LEGEND,No Gr,1000000,MR,T,"['Brand Central', 'Other']","['#Midship', '#Racing Car']",822.0,976.0,2690.0,2.7561475409836067,17.17,1.47,images/cars/side/gt7_car_332.jpg?v=2
Porsche 917K '70,No Gr,18000000,MR,NA,['Legend Cars'],"['#Midship', '#Racing Car']",753.0,598.0,1764.0,2.9498327759197323,18.62,1.42,images/cars/side/gt7_car_333.jpg?v=2
Porsche 918 Spyder '13,No Gr,1600000,4WD,NA,['Brand Central'],"['#Hybrid Car', '#Midship', '#Road Car']",664.0,874.0,3691.0,4.223112128146453,19.25,1.21,images/cars/side/gt7_car_436.jpg?v=2
Porsche 919 Hybrid '16,Gr.1,3000000,4WD,T,['Brand Central'],"['#Hybrid Car', '#Le Mans', '#Midship', '#Racing Car']",935.0,499.0,1929.0,3.8657314629258517,17.66,1.92,images/cars/side/gt7_car_334.jpg?v=2
Porsche 959 '87,No Gr,1750000,4WD,t,['Legend Cars'],['#Road Car'],557.0,443.0,3197.0,7.216704288939052,21.8,1.08,images/cars/side/gt7_car_464.jpg?v=1
Porsche 962 C '88,Gr.1,1500000,MR,T,['Legend Cars'],"['#Le Mans', '#Midship', '#Racing Car']",877.0,690.0,1874.0,2.7159420289855074,18.4,1.69,images/cars/side/gt7_car_335.jpg?v=1
Porsche Carrera GT '04,No Gr,2300000,MR,NA,"['Brand Central', 'Invitation (Brand Central)', 'Possible Reward']","['#Midship', '#Road Car']",626.0,603.0,3042.0,5.044776119402985,20.95,1.17,images/cars/side/gt7_car_336.jpg?v=2
Porsche Carrera GTS (904) '64,No Gr,2500000,MR,NA,['Legend Cars'],"['#Midship', '#Racing Car']",511.0,179.0,1433.0,8.005586592178771,24.32,1.08,images/cars/side/gt7_car_467.jpg?v=1
Porsche Cayman GT4 '16,No Gr,130000,MR,NA,['Brand Central'],"['#Midship', '#Road Car']",565.0,379.0,2954.0,7.794195250659631,22.65,1.12,images/cars/side/gt7_car_440.jpg?v=3
Porsche Cayman GT4 Clubsport '16,Gr.4,350000,MR,NA,['Brand Central'],"['#Midship', '#Racing Car']",649.0,379.0,2866.0,7.562005277044855,21.63,1.38,images/cars/side/gt7_car_337.jpg?v=2
Porsche Porsche VGT,No Gr,1000000,4WD,EV,['Brand Central'],"['#Electric Car', '#Road Car', '#Vision Gran Turismo']",812.0,1098.0,3064.0,2.790528233151184,15.89,1.41,images/cars/side/gt7_car_338.jpg?v=1
Porsche Spyder type 550/1500RS '55,No Gr,4500000,MR,NA,['Legend Cars'],"['#Midship', '#Racing Car']",439.0,108.0,1301.0,12.046296296296296,28.73,1.07,images/cars/side/gt7_car_339.jpg?v=2
Porsche TAYCAN TURBO S 2019,No Gr,230000,4WD,EV,"['Brand Central', 'Reward']","['#Electric Car', '#Road Car']",607.0,751.0,5060.0,6.73768308921438,19.72,1.12,images/cars/side/gt7_car_340.jpg?v=2
Porsche Vision Gran Turismo Spyder,No Gr,1000000,4WD,EV,['Brand Central'],"['#Electric Car', '#Road Car', '#Vision Gran Turismo']",804.0,1098.0,3064.0,2.790528233151184,15.81,1.4,images/cars/side/gt7_car_444.jpg?v=1
Radical SR3 SL '13,No Gr,126500,MR,T,"['Brand Central', 'Roulette', 'Reward']","['#Midship', '#Road Car']",544.0,239.0,1709.0,7.150627615062762,24.47,1.19,images/cars/side/gt7_car_343.jpg?v=2
RE Amemiya FD3S RX-7,No Gr,100000,FR,T,"['Brand Central', 'Roulette']",['#Professionally Tuned'],558.0,366.0,2734.0,7.469945355191257,23.91,1.15,images/cars/side/gt7_car_341.jpg?v=2
Renault Clio R.S. 220 Trophy '15,No Gr,32000,FF,T,"['Brand Central', 'Roulette']",['#Road Car'],463.0,216.0,2599.0,12.032407407407407,26.74,1.04,images/cars/side/gt7_car_344.jpg?v=2
Renault Clio R.S. 220 Trophy '16,No Gr,32000,FF,T,"['Brand Central', 'Reward']",['#Road Car'],461.0,216.0,2654.0,12.287037037037036,26.8,1.04,images/cars/side/gt7_car_345.jpg?v=1
Renault Clio V6 24V '00,No Gr,89600,MR,NA,['Used Cars'],"['#Midship', '#Road Car']",467.0,229.0,2943.0,12.851528384279476,26.24,1.04,images/cars/side/gt7_car_346.jpg?v=1
Renault Mégane Gr.4,Gr.4,350000,FF,T,"['Brand Central', 'Roulette']",['#Racing Car'],647.0,350.0,2425.0,6.928571428571429,22.51,1.4,images/cars/side/gt7_car_347.jpg?v=2
Renault Mégane R.S. Trophy '11,No Gr,38500,FF,T,['Brand Central'],['#Road Car'],493.0,261.0,3058.0,11.71647509578544,26.36,1.11,images/cars/side/gt7_car_348.jpg?v=2
Renault Mégane RS Trophy Safety Car,No Gr,50000,FF,T,"['Brand Central', 'Roulette']","['#Road Car', '#Safety Car']",494.0,261.0,3058.0,11.71647509578544,26.4,1.12,images/cars/side/gt7_car_349.jpg?v=2
Renault Mégane Trophy '11,Gr.4,350000,MR,NA,"['Brand Central', 'Roulette']","['#Midship', '#Racing Car']",655.0,359.0,2105.0,5.8635097493036215,21.41,1.38,images/cars/side/gt7_car_350.jpg?v=2
Renault R.S.01 '16,No Gr,500000,MR,T,['Brand Central'],"['#Midship', '#Racing Car']",742.0,542.0,2522.0,4.6531365313653135,19.97,1.5,images/cars/side/gt7_car_351.jpg?v=2
Renault R.S.01 GT3 '16,Gr.3,450000,MR,T,['Brand Central'],"['#Midship', '#Racing Car']",730.0,534.0,2690.0,5.037453183520599,20.51,1.48,images/cars/side/gt7_car_352.jpg?v=1
Renault R5 Turbo '80,No Gr,154200,MR,T,['Used Cars'],"['#Midship', '#Road Car']",399.0,159.0,2138.0,13.446540880503145,28.86,0.96,images/cars/side/gt7_car_353.jpg?v=3
Renault R8 GORDINI '66,No Gr,32500,RR,NA,['Legend Cars'],['#Racing Car'],357.0,101.0,1874.0,18.554455445544555,32.11,0.96,images/cars/side/gt7_car_354.jpg?v=1
Roadster Shop Roadster Shop Rampage,No Gr,300000,FR,NA,['Brand Central'],"['#Gran Turismo Award', '#Professionally Tuned']",668.0,748.0,3100.0,4.144385026737968,20.25,1.23,images/cars/side/gt7_car_431.jpg?v=1
RUF CTR3 '07,No Gr,900000,MR,T,"['Brand Central', 'Used Cars']","['#Midship', '#Road Car']",663.0,690.0,3086.0,4.472463768115942,19.47,1.23,images/cars/side/gt7_car_342.jpg?v=1
Shelby Cobra 427 '66,No Gr,2500000,FR,NA,['Legend Cars'],['#Road Car'],571.0,484.0,2355.0,4.865702479338843,22.28,1.06,images/cars/side/gt7_car_355.jpg?v=2
Shelby Cobra Daytona Coupe '64,No Gr,20000000,FR,NA,['Legend Cars'],['#Racing Car'],552.0,384.0,2299.0,5.986979166666667,23.93,1.05,images/cars/side/gt7_car_356.jpg?v=1
Shelby G.T.350 '65,No Gr,511000,FR,NA,['Legend Cars'],['#Road Car'],459.0,304.0,2800.0,9.210526315789474,26.66,0.94,images/cars/side/gt7_car_357.jpg?v=2
Subaru BRZ Drift Car '17,No Gr,400000,FR,T,"['Brand Central', 'Reward']",['#Racing Car'],621.0,1037.0,3159.0,3.046287367405979,21.27,1.18,images/cars/side/gt7_car_358.jpg?v=2
Subaru BRZ GT300 '21,Gr.3,450000,FR,T,['Brand Central'],"['#GT300', '#Racing Car']",735.0,478.0,2535.0,5.303347280334728,20.2,1.49,images/cars/side/gt7_car_427.jpg?v=2
Subaru BRZ S '15,No Gr,30000,FR,NA,['Brand Central'],['#Road Car'],438.0,197.0,2712.0,13.766497461928934,28.5,1.01,images/cars/side/gt7_car_359.jpg?v=2
Subaru BRZ S '21,No Gr,32670,FR,NA,['Brand Central'],['#Road Car'],484.0,231.0,2800.0,12.121212121212121,26.51,1.09,images/cars/side/gt7_car_428.jpg?v=2
Subaru BRZ STI Sport '18,No Gr,36000,FR,NA,"['Brand Central', 'Roulette', 'Reward']",['#Road Car'],461.0,203.0,2756.0,13.576354679802956,27.77,1.09,images/cars/side/gt7_car_360.jpg?v=2
Subaru Impreza 22B-STi '98,No Gr,179700,4WD,T,['Used Cars'],['#Road Car'],504.0,289.0,2800.0,9.688581314878892,24.45,1.1,images/cars/side/gt7_car_361.jpg?v=1
Subaru Impreza Coupe WRX Type R STi Ver.VI '99,No Gr,53800,4WD,T,['Used Cars'],['#Road Car'],473.0,276.0,2778.0,10.065217391304348,25.24,1.02,images/cars/side/gt7_car_362.jpg?v=2
Subaru Impreza Sedan WRX STi '04,No Gr,50000,4WD,T,"['Brand Central', 'Used Cars']",['#Road Car'],491.0,286.0,3219.0,11.255244755244755,24.35,1.06,images/cars/side/gt7_car_477.jpg?v=2
Subaru VIZIV GT VGT,No Gr,1000000,4WD,T,['Brand Central'],"['#Hybrid Car', '#Racing Car', '#Vision Gran Turismo']",703.0,630.0,3042.0,4.828571428571428,20.5,1.34,images/cars/side/gt7_car_363.jpg?v=2
Subaru WRX Gr.3,Gr.3,450000,FR,T,['Brand Central'],['#Racing Car'],721.0,591.0,2822.0,4.774957698815567,20.29,1.46,images/cars/side/gt7_car_364.jpg?v=2
Subaru WRX Gr.4,Gr.4,350000,4WD,T,['Brand Central'],['#Racing Car'],624.0,377.0,2910.0,7.718832891246684,21.79,1.37,images/cars/side/gt7_car_365.jpg?v=2
Subaru WRX Gr.B Rally Car,Gr.B,450000,4WD,T,['Brand Central'],['#Racing Car'],649.0,521.0,2822.0,5.416506717850288,20.15,1.33,images/cars/side/gt7_car_366.jpg?v=2
Subaru WRX Gr.B Road Car,No Gr,300000,4WD,T,['Brand Central'],['#Road Car'],548.0,473.0,3142.0,6.642706131078224,22.58,1.12,images/cars/side/gt7_car_367.jpg?v=2
Subaru WRX STI Isle of Man '16,No Gr,370000,4WD,T,['Brand Central'],['#Racing Car'],678.0,578.0,2513.0,4.3477508650519034,20.15,1.35,images/cars/side/gt7_car_368.jpg?v=2
Subaru WRX STI Type S '14,No Gr,41148,4WD,T,"['Brand Central', 'Reward']",['#Road Car'],500.0,302.0,3285.0,10.87748344370861,24.83,1.1,images/cars/side/gt7_car_369.jpg?v=2
Super Formula SF19 Super Formula / Honda '19,No Gr,1000000,MR,T,['Brand Central'],"['#Midship', '#Racing Car']",976.0,639.0,1455.0,2.276995305164319,17.51,2.13,images/cars/side/gt7_car_370.jpg?v=2
Super Formula SF19 Super Formula / Toyota '19,No Gr,1000000,MR,T,"['Brand Central', 'Roulette']","['#Midship', '#Racing Car']",976.0,639.0,1455.0,2.276995305164319,17.92,2.15,images/cars/side/gt7_car_371.jpg?v=1
Super Formula SF23 Super Formula/Honda '23,No Gr,1000000,MR,T,['Brand Central'],"['#Midship', '#Racing Car']",950.0,625.0,1477.0,2.3632,11.67,2.12,images/cars/side/gt7_car_471.jpg?v=1
Super Formula SF23 Super Formula/Toyota '23,No Gr,1000000,MR,T,['Brand Central'],"['#Midship', '#Racing Car']",950.0,625.0,1477.0,2.3632,11.67,2.12,images/cars/side/gt7_car_470.jpg?v=1
Suzuki Cappuccino (EA11R) '91,No Gr,20000,FR,T,['Used Cars'],"['#Kei Car', '#Road Car']",292.0,62.0,1543.0,24.887096774193548,36.18,0.94,images/cars/side/gt7_car_426.jpg?v=2
Suzuki Suzuki VGT,No Gr,1000000,4WD,NA,['Brand Central'],"['#Hybrid Car', '#Road Car', '#Vision Gran Turismo']",611.0,426.0,2138.0,5.018779342723005,22.61,1.31,images/cars/side/gt7_car_430.jpg?v=1
Suzuki Suzuki VGT (Gr.3),Gr.3,450000,FR,T,['Brand Central'],"['#Racing Car', '#Vision Gran Turismo']",710.0,577.0,2690.0,4.662045060658579,21.05,1.44,images/cars/side/gt7_car_434.jpg?v=1
Suzuki Swift Sport '07,No Gr,16275,FF,NA,"['Brand Central', 'Used Cars']",['#Road Car'],397.0,123.0,2337.0,19.0,31.22,1.05,images/cars/side/gt7_car_372.jpg?v=2
Suzuki Swift Sport '17,No Gr,18360,FF,T,"['Brand Central', 'Reward', 'Possible Reward']",['#Road Car'],426.0,137.0,2138.0,15.605839416058394,29.67,1.05,images/cars/side/gt7_car_373.jpg?v=2
Suzuki Swift Sport Gr.4,Gr.4,350000,FF,T,['Brand Central'],['#Racing Car'],661.0,345.0,1984.0,5.750724637681159,22.47,1.44,images/cars/side/gt7_car_374.jpg?v=2
Suzuki V6 Escudo Pikes Peak Special '98,No Gr,1700000,4WD,T,['Legend Cars'],"['#Midship', '#Pikes Peak', '#Racing Car']",846.0,981.0,1764.0,1.798165137614679,17.99,1.61,images/cars/side/gt7_car_433.jpg?v=2
Tesla Model S Signature Performance '12,No Gr,92000,RR,EV,"['Brand Central', 'Roulette']","['#Electric Car', '#Road Car']",531.0,410.0,4449.0,10.851219512195122,23.59,1.11,images/cars/side/gt7_car_376.jpg?v=2
Toyota 2000GT '67,No Gr,936000,FR,NA,['Legend Cars'],['#Road Car'],394.0,154.0,2469.0,16.032467532467532,29.22,0.92,images/cars/side/gt7_car_377.jpg?v=1
Toyota 86 Gr.4,Gr.4,350000,FR,NA,"['Brand Central', 'Reward']",['#Racing Car'],637.0,358.0,2646.0,7.391061452513966,22.38,1.38,images/cars/side/gt7_car_381.jpg?v=2
Toyota 86 Gr.B Rally Car,Gr.B,450000,4WD,NA,"['Brand Central', 'Roulette', 'Reward']",['#Racing Car'],660.0,516.0,2601.0,5.040697674418604,19.84,1.38,images/cars/side/gt7_car_382.jpg?v=2
Toyota 86 GRMN '16,No Gr,64800,FR,NA,"['Brand Central', 'Roulette']",['#Professionally Tuned'],469.0,214.0,2690.0,12.570093457943925,26.92,1.07,images/cars/side/gt7_car_378.jpg?v=2
Toyota 86 GT '15,No Gr,29052,FR,NA,['Brand Central'],['#Road Car'],438.0,197.0,2712.0,13.766497461928934,28.11,1.03,images/cars/side/gt7_car_379.jpg?v=1
"Toyota 86 GT"" limited=""",No Gr,31840,FR,NA,"['Brand Central', 'Roulette']",['#Road Car'],441.0,203.0,2734.0,13.467980295566502,27.95,1.03,images/cars/side/gt7_car_380.jpg?v=1
Toyota Alphard Executive Lounge '18,No Gr,75000,4WD,NA,['Brand Central'],['#Road Car'],394.0,296.0,4872.0,16.45945945945946,27.66,0.91,images/cars/side/gt7_car_463.jpg?v=1
Toyota Ambulance Himedic '21,No Gr,-1.0,4WD,NA,"['Brand Central', 'Other']",['#Road Car'],243.0,157.0,6305.0,40.15923566878981,37.98,-1.0,images/cars/side/gt7_car_481.jpg?v=2
Toyota Aqua S '11,No Gr,17900,FF,NA,"['Brand Central', 'Used Cars', 'Reward']","['#Hybrid Car', '#Road Car']",353.0,120.0,2381.0,19.841666666666665,32.32,0.94,images/cars/side/gt7_car_383.jpg?v=2
Toyota Celica GT-Four (ST205) '94,No Gr,68800,4WD,T,['Used Cars'],['#Road Car'],459.0,250.0,3042.0,12.168,26.55,1.03,images/cars/side/gt7_car_384.jpg?v=3
Toyota Celica GT-FOUR Rally Car (ST205) '95,Gr.B,250000,4WD,T,['Legend Cars'],"['#Racing Car', '#WRC']",599.0,298.0,2646.0,8.879194630872483,23.87,1.38,images/cars/side/gt7_car_457.jpg?v=2
Toyota Corolla Levin 1600GT APEX (AE86) '83,No Gr,48200,FR,NA,"['Used Cars', 'Reward', 'Possible Reward']",['#Road Car'],364.0,127.0,2072.0,16.31496062992126,30.5,0.92,images/cars/side/gt7_car_385.jpg?v=2
Toyota Crown Athlete G '13,No Gr,57500,FR,NA,"['Brand Central', 'Roulette']",['#Road Car'],486.0,309.0,3638.0,11.77346278317152,25.56,1.04,images/cars/side/gt7_car_386.jpg?v=2
Toyota Crown Athlete G Safety Car,No Gr,65000,FR,NA,"['Brand Central', 'Roulette']","['#Road Car', '#Safety Car']",490.0,309.0,3638.0,11.77346278317152,25.68,1.05,images/cars/side/gt7_car_387.jpg?v=2
Toyota FT-1,No Gr,500000,FR,T,['Brand Central'],"['#Concept Car', '#Road Car']",592.0,-1.0,-1.0,1.0,21.47,1.13,images/cars/side/gt7_car_388.jpg?v=2
Toyota FT-1 VGT,No Gr,1000000,FR,T,['Brand Central'],"['#Hybrid Car', '#Racing Car', '#Vision Gran Turismo']",768.0,-1.0,-1.0,1.0,19.11,1.48,images/cars/side/gt7_car_389.jpg?v=2
Toyota FT-1 VGT (Gr.3),Gr.3,450000,FR,T,['Brand Central'],"['#Racing Car', '#Vision Gran Turismo']",717.0,544.0,2822.0,5.1875,20.5,1.45,images/cars/side/gt7_car_390.jpg?v=2
Toyota GR Corolla MORIZO Edition '22,No Gr,-1.0,4WD,T,"['Brand Central', 'Other']",[],513.0,299.0,3186.0,10.65551839464883,-1.0,-1.0,images/cars/side/gt7_car_480.jpg?v=1
Toyota GR Supra Race Car '19,Gr.4,350000,FR,T,"['Brand Central', 'Reward']",['#Racing Car'],636.0,394.0,3042.0,7.720812182741117,22.2,1.37,images/cars/side/gt7_car_393.jpg?v=2
Toyota GR Supra Racing Concept '18,Gr.3,450000,FR,T,"['Brand Central', 'Roulette']",['#Racing Car'],722.0,591.0,2740.0,4.636209813874789,20.34,1.43,images/cars/side/gt7_car_394.jpg?v=2
Toyota GR Supra RZ '19,No Gr,70000,FR,T,['Brand Central'],['#Road Car'],536.0,335.0,3351.0,10.002985074626865,24.04,1.12,images/cars/side/gt7_car_391.jpg?v=1
Toyota GR Supra RZ '20,No Gr,73000,FR,T,"['Brand Central', 'Reward']",['#Road Car'],545.0,382.0,3373.0,8.829842931937172,23.64,1.12,images/cars/side/gt7_car_392.jpg?v=2
"Toyota GR Yaris RZ "" high="""" performance=""",No Gr,45600,4WD,T,"['Brand Central', 'Reward']",['#Road Car'],500.0,268.0,2844.0,10.611940298507463,25.04,1.09,images/cars/side/gt7_car_395.jpg?v=2
Toyota GR010 HYBRID ‘21,Gr.1,3000000,4WD,T,['Brand Central'],"['#Le Mans', '#Midship', '#Racing Car']",884.0,670.0,2293.0,3.4223880597014924,17.95,1.71,images/cars/side/gt7_car_429.jpg?v=1
Toyota GR86 RZ '21,No Gr,33500,FR,NA,['Brand Central'],['#Road Car'],484.0,231.0,2800.0,12.121212121212121,26.51,1.09,images/cars/side/gt7_car_396.jpg?v=1
Toyota MR2 GT-S '97,No Gr,57400,MR,T,['Used Cars'],"['#Midship', '#Road Car']",474.0,241.0,2800.0,11.618257261410788,26.14,1.05,images/cars/side/gt7_car_397.jpg?v=1
Toyota Prius G '09,No Gr,24500,FF,NA,"['Brand Central', 'Used Cars']","['#Hybrid Car', '#Road Car']",371.0,120.0,2976.0,24.8,30.65,0.93,images/cars/side/gt7_car_398.jpg?v=1
Toyota S-FR '15,No Gr,19500,FR,NA,['Brand Central'],"['#Concept Car', '#Road Car']",409.0,133.0,2315.0,17.406015037593985,29.78,1.04,images/cars/side/gt7_car_399.jpg?v=1
Toyota S-FR Racing Concept '16,No Gr,200000,FR,T,"['Brand Central', 'Roulette']","['#Concept Car', '#Professionally Tuned']",544.0,349.0,2535.0,7.263610315186247,24.03,1.14,images/cars/side/gt7_car_400.jpg?v=2
Toyota Sports 800 '65,No Gr,51000,FR,NA,['Used Cars'],['#Road Car'],234.0,43.0,1279.0,29.74418604651163,39.13,0.85,images/cars/side/gt7_car_401.jpg?v=1
Toyota Sprinter Trueno 1600GT APEX (AE86) '83,No Gr,48200,FR,NA,['Used Cars'],['#Road Car'],364.0,127.0,2072.0,16.31496062992126,30.5,0.93,images/cars/side/gt7_car_402.jpg?v=1
Toyota Sprinter Trueno 1600GT APEX (S.Shigeno Version),No Gr,99000,FR,NA,['Used Cars'],['#Professionally Tuned'],506.0,207.0,1819.0,8.78743961352657,25.54,1.08,images/cars/side/gt7_car_403.jpg?v=1
Toyota Supra 3.0GT Turbo A '88,No Gr,113600,FR,T,"['Used Cars', 'Reward']",['#Road Car'],467.0,266.0,3373.0,12.680451127819548,26.99,1.04,images/cars/side/gt7_car_404.jpg?v=1
Toyota Supra GT500 '97,Gr.3,1800000,FR,T,"['Legend Cars', 'Other']","['#GT500', '#Racing Car']",727.0,492.0,2535.0,5.152439024390244,20.3,1.48,images/cars/side/gt7_car_405.jpg?v=2
Toyota Supra RZ '97,No Gr,180400,FR,T,"['Used Cars', 'Reward']",['#Road Car'],508.0,330.0,3329.0,10.087878787878788,24.89,1.07,images/cars/side/gt7_car_406.jpg?v=4
Toyota TS030 Hybrid '12,Gr.1,1000000,MR,NA,['Brand Central'],"['#Hybrid Car', '#Le Mans', '#Midship', '#Racing Car']",915.0,529.0,1984.0,3.7504725897920603,18.5,1.87,images/cars/side/gt7_car_407.jpg?v=2
Toyota TS050 - Hybrid '16,Gr.1,1000000,4WD,T,['Brand Central'],"['#Hybrid Car', '#Le Mans', '#Midship', '#Racing Car']",928.0,493.0,1929.0,3.9127789046653145,17.44,1.9,images/cars/side/gt7_car_408.jpg?v=2
Toyota Tundra TRD Pro '19,No Gr,62000,4WD,NA,"['Brand Central', 'Roulette']","['#Pickup Truck', '#Road Car']",417.0,379.0,5633.0,14.862796833773087,27.03,0.94,images/cars/side/gt7_car_409.jpg?v=2
TVR Tuscan Speed 6 '00,No Gr,72000,FR,NA,['Used Cars'],['#Road Car'],566.0,360.0,2425.0,6.736111111111111,22.62,1.12,images/cars/side/gt7_car_375.jpg?v=1
Volkswagen Beetle Gr.3,Gr.3,450000,FR,T,['Brand Central'],['#Racing Car'],735.0,591.0,2646.0,4.477157360406092,19.85,1.47,images/cars/side/gt7_car_410.jpg?v=2
Volkswagen Golf I GTI '83,No Gr,48300,FF,NA,['Used Cars'],['#Road Car'],352.0,110.0,1962.0,17.836363636363636,31.75,0.93,images/cars/side/gt7_car_413.jpg?v=2
Volkswagen Golf VII GTI '14,No Gr,38330,FF,T,"['Brand Central', 'Roulette']",['#Road Car'],454.0,216.0,3064.0,14.185185185185185,27.15,1.03,images/cars/side/gt7_car_414.jpg?v=2
Volkswagen GTI Roadster VGT,No Gr,1000000,4WD,T,['Brand Central'],"['#Racing Car', '#Vision Gran Turismo']",716.0,551.0,2646.0,4.802177858439202,19.22,1.39,images/cars/side/gt7_car_411.jpg?v=2
Volkswagen GTI Supersport VGT,No Gr,1000000,4WD,T,"['Brand Central', 'Roulette']","['#Racing Car', '#Vision Gran Turismo']",716.0,551.0,2646.0,4.802177858439202,19.63,1.41,images/cars/side/gt7_car_412.jpg?v=2
Volkswagen GTI VGT (Gr.3),Gr.3,450000,MR,T,['Brand Central'],"['#Midship', '#Racing Car', '#Vision Gran Turismo']",710.0,551.0,2778.0,5.0417422867513615,20.61,1.44,images/cars/side/gt7_car_420.jpg?v=2
Volkswagen ID.R '19,No Gr,2000000,4WD,EV,['Brand Central'],"['#Electric Car', '#Racing Car']",867.0,670.0,2271.0,3.3895522388059702,17.48,1.66,images/cars/side/gt7_car_445.jpg?v=1
Volkswagen Polo GTI '14,No Gr,28000,FF,T,"['Brand Central', 'Reward']",['#Road Car'],438.0,189.0,2804.0,14.835978835978835,28.25,1.02,images/cars/side/gt7_car_415.jpg?v=2
Volkswagen Sambabus Typ 2 '62,No Gr,61200,RR,NA,"['Used Cars', 'Reward']",['#Road Car'],117.0,34.0,2414.0,71.0,50.27,0.0,images/cars/side/gt7_car_416.jpg?v=1
Volkswagen Scirocco Gr.4,Gr.4,350000,FF,T,['Brand Central'],['#Racing Car'],654.0,358.0,2315.0,6.466480446927374,22.63,1.43,images/cars/side/gt7_car_417.jpg?v=2
Volkswagen Scirocco R '10,No Gr,51500,FF,T,"['Brand Central', 'Used Cars', 'Roulette', 'Reward']",['#Road Car'],499.0,252.0,3109.0,12.337301587301587,25.86,1.12,images/cars/side/gt7_car_418.jpg?v=2
Volkswagen Volkswagen 1200 '66,No Gr,32700,RR,NA,"['Used Cars', 'Reward']",['#Road Car'],176.0,33.0,1720.0,52.121212121212125,44.43,0.0,images/cars/side/gt7_car_419.jpg?v=6
Wicked Fabrication Wicked Fabrication GT 51,No Gr,300000,FR,NA,"['Brand Central', 'Roulette']","['#Gran Turismo Award', '#Professionally Tuned']",525.0,372.0,2950.0,7.93010752688172,24.31,1.04,images/cars/side/gt7_car_421.jpg?v=2
Zagato IsoRivolta Zagato VGT,No Gr,1000000,FR,NA,['Brand Central'],"['#Road Car', '#Vision Gran Turismo']",657.0,559.0,2535.0,4.534883720930233,20.66,1.21,images/cars/side/gt7_car_422.jpg?v=2
